model.dropout,model.hidden_dim,model.num_layers,model.rgcn_bases,train.epochs,train.optimizer.lr,train.optimizer.weight_decay,val_auprc,trial
0.2,300,1,6,80,0.0009,0.05,0.18805247646127513,494
0.2,256,1,6,80,0.0011,0.05,0.18667003333685406,436
0.1,256,2,6,80,0.0013,0.01,0.1865831394021169,99
0.3,300,2,4,80,0.0013,0.01,0.1863806197167902,869
0.15,300,2,4,80,0.0009,0.05,0.18624292237707069,324
0.15,300,2,6,80,0.0007,0.05,0.18588562204297596,332
0.15,300,3,6,80,0.0007,0.01,0.1857746670578007,353
0.25,256,2,4,80,0.0009,0.01,0.18576648011634417,625
0.2,256,2,6,80,0.0009,0.05,0.1857559773686696,454
0.15,300,2,4,80,0.0011,0.05,0.18516715765551303,326
0.2,300,2,6,80,0.0011,0.01,0.18516359015583092,517
0.3,256,1,6,80,0.0011,0.05,0.1849794893740102,796
0.1,300,2,6,80,0.0013,0.01,0.18494438781756262,159
0.3,300,2,4,80,0.0011,0.01,0.1847454249202548,867
0.2,256,1,4,80,0.0013,0.01,0.18473591242918208,429
0.2,300,2,6,80,0.0009,0.05,0.18467765250396315,514
0.1,256,2,6,80,0.0011,0.05,0.1844775096719189,96
0.2,256,2,6,80,0.0013,0.01,0.18446118885910898,459
0.15,300,1,6,80,0.0013,0.05,0.1843182353826891,318
0.1,300,2,6,80,0.0011,0.05,0.1842445111293858,156
0.1,300,3,6,80,0.0005,0.01,0.18420006380591009,171
0.1,256,3,4,80,0.0013,0.05,0.18414618625207957,108
0.15,300,2,4,80,0.0013,0.01,0.1840227860502003,329
0.1,300,2,6,80,0.0013,0.05,0.18397561293373782,158
0.2,256,3,4,80,0.0013,0.05,0.18395064312304665,468
0.3,256,1,4,80,0.0009,0.01,0.1838746616678204,785
0.1,256,3,4,80,0.0013,0.01,0.18382057070586022,109
0.2,256,1,6,80,0.0007,0.01,0.18379864722187117,433
0.3,300,1,6,80,0.0011,0.05,0.1837344921751602,856
0.15,300,1,6,80,0.0007,0.05,0.18360497820634164,312
0.25,300,2,4,80,0.0007,0.05,0.18357972949330315,682
0.15,256,2,6,80,0.0007,0.01,0.18337725317493664,273
0.15,256,2,6,80,0.0013,0.01,0.18330485852683157,279
0.1,256,1,6,80,0.0011,0.05,0.18327831179272774,76
0.15,300,2,6,80,0.0013,0.01,0.18327556114713378,339
0.15,256,2,4,80,0.0009,0.01,0.18322687867048984,265
0.3,256,2,4,80,0.0011,0.01,0.18308765318802556,807
0.2,300,2,6,80,0.0005,0.05,0.18308696015308004,510
0.15,300,2,6,80,0.0009,0.01,0.1830544795043227,335
0.25,300,1,4,80,0.0011,0.05,0.18298987164708289,666
0.2,300,2,4,80,0.0011,0.01,0.1829282882240755,507
0.2,300,2,6,80,0.0013,0.05,0.1829119156494897,518
0.2,256,2,6,80,0.0005,0.01,0.1828950213817257,451
0.25,300,1,6,80,0.0009,0.01,0.18284059462474933,675
0.25,256,2,4,80,0.0013,0.01,0.1827900458979106,629
0.25,256,2,6,80,0.0011,0.01,0.18278082422840528,637
0.15,300,3,6,80,0.0011,0.01,0.1827153558965814,357
0.25,300,1,6,80,0.0007,0.01,0.18271068410958435,673
0.15,300,3,4,80,0.0009,0.05,0.1827085587627477,344
0.2,300,3,4,80,0.0009,0.01,0.18259338035091588,525
0.2,300,3,6,80,0.0013,0.01,0.18253687692584425,539
0.2,300,2,4,80,0.0005,0.05,0.1825333987476734,500
0.1,300,2,4,80,0.0009,0.01,0.18245565575706624,145
0.25,300,3,4,80,0.0013,0.05,0.18244403849654187,708
0.2,256,2,6,80,0.0013,0.05,0.18240835631558103,458
0.1,300,2,4,80,0.0011,0.01,0.18239469752423362,147
0.1,300,2,6,80,0.0007,0.05,0.18239301170430683,152
0.2,256,2,6,80,0.0011,0.05,0.18238845836378534,456
0.15,300,2,4,80,0.0007,0.05,0.18238702275967247,322
0.25,256,2,4,80,0.0009,0.05,0.18238331181295359,624
0.1,256,2,6,80,0.0007,0.01,0.18234164346486514,93
0.1,256,2,4,80,0.0009,0.01,0.18229566776699088,85
0.1,256,3,6,80,0.0013,0.01,0.18229546796009582,119
0.25,300,1,6,80,0.0009,0.05,0.18227307078442273,674
0.1,256,3,6,80,0.0011,0.01,0.18222094214693707,117
0.15,256,2,6,80,0.0011,0.01,0.18221315663849963,277
0.1,300,1,4,80,0.0013,0.05,0.18220447566067888,128
0.25,300,2,6,80,0.0011,0.05,0.18216912048201483,696
0.15,256,2,4,80,0.0011,0.05,0.1821612267519177,266
0.25,300,3,4,80,0.0009,0.01,0.18214070583354147,705
0.25,256,3,6,80,0.0009,0.05,0.18211107746816552,654
0.2,300,2,4,80,0.0005,0.01,0.18202923470408508,501
0.25,300,2,4,80,0.0013,0.01,0.1820275902751488,689
0.15,300,1,6,80,0.0011,0.01,0.18201778884409464,317
0.15,256,3,4,80,0.0011,0.01,0.18201748138927326,287
0.2,256,1,6,80,0.0007,0.05,0.18199527349600464,432
0.15,256,3,4,80,0.0011,0.05,0.18194929594259318,286
0.1,300,2,4,80,0.0007,0.05,0.1819098789745141,142
0.3,256,2,4,80,0.0013,0.05,0.1818720000074312,808
0.3,256,2,6,80,0.0009,0.01,0.1818640436758865,815
0.1,256,2,6,80,0.0005,0.01,0.18185671956946964,91
0.3,300,2,6,80,0.0007,0.05,0.1817828458414331,872
0.1,300,1,4,80,0.0009,0.01,0.1817460619325651,125
0.25,300,1,6,80,0.0013,0.01,0.18173964155168526,679
0.15,256,1,6,80,0.0009,0.05,0.18173511308784318,254
0.1,256,2,6,80,0.0005,0.05,0.18166709937729864,90
0.15,300,2,6,80,0.0005,0.05,0.18164849523440724,330
0.25,256,2,6,80,0.0009,0.05,0.18162611996219935,634
0.2,256,2,6,80,0.0011,0.01,0.1815992501430546,457
0.2,300,1,4,80,0.0009,0.05,0.18149231461145765,484
0.2,256,3,4,80,0.0009,0.01,0.1814800666321648,465
0.25,300,1,6,80,0.0013,0.05,0.18147432949865022,678
0.25,256,2,4,80,0.0007,0.05,0.18146977417260574,622
0.25,300,1,6,80,0.0011,0.01,0.18146952133246017,677
0.25,256,1,6,80,0.0007,0.01,0.18146017877365855,613
0.1,300,1,4,80,0.0009,0.05,0.1814400685940123,124
0.15,256,2,4,80,0.0011,0.01,0.1813984828724407,267
0.3,256,1,4,80,0.0013,0.05,0.1813883120828206,788
0.3,300,2,6,80,0.0009,0.05,0.18138730397236613,874
0.1,256,2,4,80,0.0013,0.01,0.18138497523547406,89
0.2,300,2,4,80,0.0007,0.05,0.18137125291898562,502
0.15,256,2,4,80,0.0007,0.05,0.181370969687891,262
0.1,300,2,6,80,0.0005,0.05,0.1813385109943179,150
0.1,300,3,6,80,0.0011,0.01,0.18133760597364254,177
0.1,300,2,6,80,0.0007,0.01,0.1813351441034195,153
0.1,300,2,4,80,0.0005,0.05,0.18131423126969293,140
0.3,256,2,4,80,0.0007,0.05,0.18131311822892227,802
0.25,300,2,4,80,0.0011,0.01,0.18129831232815571,687
0.1,256,2,6,80,0.0009,0.01,0.18129813044004475,95
0.15,300,1,4,80,0.0011,0.05,0.18129699114487718,306
0.15,300,3,6,80,0.0005,0.01,0.1812757424609167,351
0.25,300,2,6,80,0.0005,0.05,0.18122375110015854,690
0.1,256,3,6,80,0.0013,0.05,0.18121702672477658,118
0.15,256,1,6,80,0.0005,0.01,0.18121449598046435,251
0.15,256,2,6,80,0.0013,0.05,0.18119008161185018,278
0.15,300,3,4,80,0.0007,0.01,0.18117874308809528,343
0.1,256,3,6,80,0.0011,0.05,0.1811688402161094,116
0.15,256,1,6,80,0.0013,0.05,0.18113810621671705,258
0.15,300,2,6,80,0.0007,0.01,0.18112342563519473,333
0.15,256,1,4,80,0.0011,0.05,0.1810943652689957,246
0.2,256,2,6,80,0.0009,0.01,0.18108682315800242,455
0.2,256,3,6,80,0.0013,0.05,0.1810563628971569,478
0.2,256,2,4,80,0.0011,0.01,0.18103415593853522,447
0.25,300,2,6,80,0.0013,0.01,0.18103284651380075,699
0.25,256,2,4,80,0.0013,0.05,0.18100717570828706,628
0.25,256,1,4,80,0.0013,0.05,0.18098733009485293,608
0.3,300,1,6,80,0.0005,0.05,0.18097426608645756,850
0.15,300,3,4,80,0.0011,0.05,0.18090918941210493,346
0.3,300,2,6,80,0.0005,0.01,0.18086237747475933,871
0.25,256,2,4,80,0.0011,0.01,0.18085801829868675,627
0.1,300,1,6,80,0.0009,0.05,0.18081797458867546,134
0.25,256,2,6,80,0.0009,0.01,0.1808143847953249,635
0.1,128,2,6,80,0.0013,0.01,0.18079910492323978,39
0.1,300,3,6,80,0.0013,0.05,0.18077455234940937,178
0.25,256,1,4,80,0.0009,0.01,0.1807234208120577,605
0.3,256,1,6,80,0.0013,0.01,0.1807214905310629,799
0.2,300,3,4,80,0.0011,0.01,0.18070256968082754,527
0.1,256,2,6,80,0.0009,0.05,0.18065917790658098,94
0.2,300,3,4,80,0.0007,0.01,0.18062696177602772,523
0.3,300,2,4,80,0.0011,0.05,0.18061545985326666,866
0.25,300,1,6,80,0.0011,0.05,0.18060046570176375,676
0.15,256,3,4,80,0.0009,0.05,0.1805888838985944,284
0.1,256,3,4,80,0.0009,0.05,0.18055433561969725,104
0.15,256,2,6,80,0.0011,0.05,0.18055331480725947,276
0.15,300,1,4,80,0.0013,0.01,0.18055077667860103,309
0.2,300,1,6,80,0.0011,0.05,0.18052905344180586,496
0.2,256,1,6,80,0.0009,0.01,0.18051006119316432,435
0.3,300,1,4,80,0.0009,0.01,0.18043807693085884,845
0.2,256,3,6,80,0.0011,0.05,0.18040320471125101,476
0.2,300,2,4,80,0.0013,0.05,0.18038830916876403,508
0.1,300,3,4,80,0.0005,0.01,0.18036093739937026,161
0.15,256,1,6,80,0.0011,0.01,0.18035350120056481,257
0.15,300,2,6,80,0.0009,0.05,0.1803508335144861,334
0.1,256,3,6,80,0.0005,0.01,0.1802964587498373,111
0.2,300,1,6,80,0.0007,0.01,0.18028503084132186,493
0.1,300,2,6,80,0.0009,0.01,0.1802637887627961,155
0.1,256,3,4,80,0.0011,0.05,0.18022530462883002,106
0.15,256,2,4,80,0.0013,0.05,0.18016623950636473,268
0.25,256,2,6,80,0.0011,0.05,0.18014503311447133,636
0.25,256,1,6,80,0.0009,0.01,0.18012887025024707,615
0.1,300,2,4,80,0.0005,0.01,0.18011860719488476,141
0.3,300,1,6,80,0.0007,0.05,0.1801117438710055,852
0.2,300,2,4,80,0.0009,0.01,0.18006673832221054,505
0.3,256,2,4,80,0.0013,0.01,0.18006416765129074,809
0.1,300,1,6,80,0.0013,0.01,0.18006320505185291,139
0.25,300,2,6,80,0.0011,0.01,0.180057095081954,697
0.1,256,1,6,80,0.0007,0.05,0.18001934908506223,72
0.2,256,2,4,80,0.0013,0.01,0.179987126577829,449
0.15,300,2,4,80,0.0005,0.05,0.17998353977636825,320
0.15,300,3,6,80,0.0011,0.05,0.17997960051871914,356
0.3,256,2,6,80,0.0011,0.05,0.1799782784668248,816
0.1,256,2,4,80,0.0009,0.05,0.17997618757944422,84
0.25,256,2,4,80,0.0007,0.01,0.1799691148661149,623
0.3,256,2,4,80,0.0011,0.05,0.1799336955819346,806
0.3,256,2,6,80,0.0005,0.05,0.1799296471830644,810
0.1,128,2,6,80,0.0013,0.05,0.17991698420558336,38
0.15,256,1,6,80,0.0013,0.01,0.17990542223891368,259
0.1,256,2,6,80,0.0007,0.05,0.17989669495973207,92
0.1,300,3,6,80,0.0005,0.05,0.17989375622911014,170
0.1,300,1,6,80,0.0007,0.05,0.17988982962620614,132
0.1,300,3,4,80,0.0013,0.05,0.1798575872393811,168
0.25,300,2,6,80,0.0009,0.01,0.17983305901229046,695
0.2,300,1,4,80,0.0007,0.01,0.1798201674027439,483
0.1,128,3,6,80,0.0013,0.01,0.17979445260839155,59
0.15,256,3,6,80,0.0011,0.05,0.1797827738854828,296
0.2,256,3,6,80,0.0007,0.01,0.17974343121757952,473
0.15,256,3,6,80,0.0009,0.05,0.1797103890293849,294
0.15,300,1,6,80,0.0013,0.01,0.1797035597474753,319
0.3,256,1,6,80,0.0013,0.05,0.17968863035305394,798
0.1,300,3,4,80,0.0007,0.01,0.1796819060876473,163
0.25,256,2,6,80,0.0007,0.01,0.1796597870026348,633
0.25,300,3,4,80,0.0011,0.01,0.17964861597901785,707
0.15,300,1,6,80,0.0005,0.05,0.17963361484352852,310
0.2,128,2,6,80,0.0013,0.01,0.17961508179325844,399
0.2,256,1,6,80,0.0013,0.05,0.17960672993873666,438
0.2,256,1,4,80,0.0013,0.05,0.1795915115173533,428
0.25,300,2,6,80,0.0013,0.05,0.17956068656560326,698
0.15,256,2,4,80,0.0013,0.01,0.17956027248712125,269
0.2,256,2,4,80,0.0007,0.01,0.17955293612149162,443
0.2,300,3,4,80,0.0005,0.05,0.17951524862213125,520
0.2,300,2,6,80,0.0007,0.05,0.17951515890410102,512
0.2,300,3,6,80,0.0009,0.01,0.1795083376839694,535
0.2,300,3,6,80,0.0011,0.01,0.17950774663529365,537
0.15,300,2,4,80,0.0011,0.01,0.17947595693323393,327
0.15,128,2,6,80,0.0007,0.05,0.1794484946006475,212
0.1,300,3,6,80,0.0011,0.05,0.17943858104020394,176
0.1,300,2,6,80,0.0009,0.05,0.1793992968202151,154
0.1,256,3,4,80,0.0007,0.05,0.1793968184585622,102
0.1,256,3,4,80,0.0011,0.01,0.17929563627710182,107
0.1,128,2,4,80,0.0013,0.01,0.17929028023852894,29
0.15,256,3,6,80,0.0013,0.05,0.17928063525189342,298
0.1,300,3,4,80,0.0011,0.05,0.17927593574671144,166
0.1,300,3,4,80,0.0009,0.01,0.1792532114841017,165
0.2,300,1,4,80,0.0013,0.01,0.17924107952821705,489
0.15,256,1,4,80,0.0009,0.05,0.17921735212615547,244
0.15,300,3,4,80,0.0013,0.01,0.1791358004271563,349
0.15,300,2,6,80,0.0013,0.05,0.17913127055230238,338
0.25,256,2,6,80,0.0005,0.01,0.17907185446693313,631
0.25,256,3,6,80,0.0007,0.05,0.1790445928746251,652
0.25,128,2,6,80,0.0013,0.01,0.17904458633884163,579
0.15,300,3,6,80,0.0009,0.05,0.17903831352309912,354
0.25,300,3,6,80,0.0005,0.01,0.1789653293694098,711
0.1,300,2,6,80,0.0011,0.01,0.17894850600055698,157
0.3,300,2,6,80,0.0013,0.01,0.17893795438694454,879
0.15,300,1,6,80,0.0009,0.01,0.17893230843997576,315
0.3,128,2,4,80,0.0011,0.05,0.17892534713111732,746
0.25,256,2,4,80,0.0011,0.05,0.17891789957638624,626
0.25,256,1,6,80,0.0011,0.05,0.17891546429495608,616
0.2,300,3,6,80,0.0005,0.05,0.17890896806217482,530
0.2,256,2,6,80,0.0007,0.05,0.17889282118744243,452
0.15,256,3,6,80,0.0009,0.01,0.17889244741438567,295
0.25,256,2,6,80,0.0007,0.05,0.17887887785097376,632
0.3,300,1,4,80,0.0013,0.05,0.17887813109201037,848
0.15,300,3,4,80,0.0007,0.05,0.1788672778120502,342
0.15,256,1,4,80,0.0007,0.01,0.1788625700359296,243
0.2,300,2,6,80,0.0011,0.05,0.17882910809970876,516
0.15,256,2,6,80,0.0009,0.01,0.17879645592775842,275
0.15,300,2,6,80,0.0011,0.01,0.17877634216745492,337
0.15,300,2,4,80,0.0013,0.05,0.17877218741036502,328
0.25,256,3,4,80,0.0011,0.05,0.17873841305582838,646
0.1,300,1,6,80,0.0007,0.01,0.17873708344593756,133
0.2,300,1,6,80,0.0007,0.05,0.17873069001303177,492
0.1,256,3,4,80,0.0005,0.01,0.17871571103752507,101
0.1,300,1,4,80,0.0013,0.01,0.17871125764749235,129
0.25,256,2,6,80,0.0005,0.05,0.1786845316997683,630
0.3,256,1,4,80,0.0011,0.05,0.17864349817861647,786
0.1,128,3,6,80,0.0011,0.05,0.17862048942274053,56
0.1,300,2,4,80,0.0009,0.05,0.17861519314634014,144
0.1,256,3,4,80,0.0009,0.01,0.17860014916876302,105
0.1,256,1,6,80,0.0005,0.01,0.17856785383693205,71
0.1,128,2,4,80,0.0013,0.05,0.17851928049202806,28
0.25,300,2,6,80,0.0009,0.05,0.17850640173105695,694
0.1,300,3,4,80,0.0011,0.01,0.17847415283495216,167
0.2,300,2,4,80,0.0007,0.01,0.1784165892104897,503
0.25,256,3,4,80,0.0011,0.01,0.17840887869660002,647
0.15,256,3,4,80,0.0013,0.01,0.17835726707110128,289
0.25,256,1,4,80,0.0007,0.01,0.17824216991336578,603
0.1,256,1,4,80,0.0007,0.01,0.17823664802804143,63
0.25,256,1,6,80,0.0011,0.01,0.17822421717601541,617
0.3,256,1,4,80,0.0011,0.01,0.17819370830348885,787
0.2,300,3,4,80,0.0013,0.01,0.17818381353172846,529
0.3,300,2,4,80,0.0005,0.05,0.17817345201244855,860
0.2,300,1,6,80,0.0013,0.05,0.17815526573522983,498
0.1,300,1,4,80,0.0007,0.01,0.17813871585944502,123
0.1,256,2,6,80,0.0013,0.05,0.1781367581682145,98
0.1,300,2,4,80,0.0007,0.01,0.17810356370147168,143
0.1,256,2,4,80,0.0007,0.01,0.17809911182545757,83
0.25,256,1,6,80,0.0009,0.05,0.1780980222797094,614
0.25,300,1,4,80,0.0011,0.01,0.17809684703059725,667
0.15,256,1,6,80,0.0011,0.05,0.17808198825094104,256
0.3,256,2,6,80,0.0013,0.01,0.17807775483967317,819
0.2,300,1,6,80,0.0009,0.01,0.17807357532976267,495
0.15,256,3,4,80,0.0013,0.05,0.17805987315527103,288
0.2,300,2,6,80,0.0013,0.01,0.17805197329602457,519
0.1,256,1,6,80,0.0013,0.05,0.1780497125744673,78
0.3,300,2,4,80,0.0009,0.05,0.17804338798357683,864
0.15,256,3,6,80,0.0005,0.05,0.17804170880954132,290
0.2,300,3,6,80,0.0007,0.01,0.17803860716629477,533
0.3,300,3,6,80,0.0007,0.01,0.17802110758258505,893
0.1,256,3,4,80,0.0005,0.05,0.1780161749139605,100
0.2,300,2,6,80,0.0009,0.01,0.17801157760256453,515
0.1,128,1,6,80,0.0013,0.05,0.1780024627983455,18
0.1,256,1,6,80,0.0011,0.01,0.17799428792814975,77
0.25,300,3,6,80,0.0011,0.01,0.1779927115460997,717
0.3,300,1,4,80,0.0013,0.01,0.1779913033481966,849
0.25,300,2,4,80,0.0011,0.05,0.17795958728545958,686
0.25,300,2,4,80,0.0007,0.01,0.17794064180818467,683
0.25,300,1,4,80,0.0013,0.01,0.17791395563224408,669
0.15,256,3,4,80,0.0007,0.05,0.17790238876850042,282
0.15,128,3,6,80,0.0011,0.01,0.17787158132971925,237
0.1,128,3,4,80,0.0009,0.01,0.1778656521582288,45
0.1,300,1,6,80,0.0005,0.01,0.1778512047289543,131
0.3,256,2,6,80,0.0005,0.01,0.1778383991558709,811
0.1,300,2,4,80,0.0013,0.05,0.1778376927988995,148
0.2,256,3,6,80,0.0007,0.05,0.17779479847828966,472
0.15,256,1,6,80,0.0007,0.05,0.17778828796072071,252
0.25,300,2,6,80,0.0007,0.05,0.17778698242114363,692
0.15,256,2,4,80,0.0009,0.05,0.17777402924411573,264
0.1,300,1,6,80,0.0011,0.01,0.17774655391223576,137
0.15,300,3,6,80,0.0005,0.05,0.17774025372694818,350
0.15,256,3,6,80,0.0007,0.05,0.17773292409685865,292
0.2,300,3,4,80,0.0007,0.05,0.17772587458848155,522
0.2,256,3,4,80,0.0007,0.01,0.1777250211571667,463
0.15,256,3,4,80,0.0009,0.01,0.17768818486238563,285
0.1,128,1,6,80,0.0013,0.01,0.17768414233902677,19
0.2,256,2,4,80,0.0013,0.05,0.17767851770182172,448
0.1,256,2,4,80,0.0011,0.05,0.17761831392592775,86
0.15,128,2,6,80,0.0011,0.01,0.17761735756091274,217
0.15,300,3,4,80,0.0005,0.01,0.1776164602055779,341
0.15,300,1,6,80,0.0009,0.05,0.17761417035527552,314
0.25,300,3,4,80,0.0011,0.05,0.17759643787037913,706
0.3,300,3,4,80,0.0007,0.01,0.17758662534943348,883
0.15,256,3,4,80,0.0007,0.01,0.17757874530289097,283
0.25,300,2,4,80,0.0005,0.01,0.1775597504958406,681
0.2,256,1,6,80,0.0009,0.05,0.177552857320485,434
0.25,300,2,4,80,0.0009,0.01,0.17754075472635317,685
0.3,300,3,6,80,0.0009,0.01,0.17753718285747996,895
0.1,300,2,6,80,0.0005,0.01,0.17752695964038723,151
0.15,300,1,6,80,0.0007,0.01,0.17750620106949924,313
0.1,256,2,4,80,0.0013,0.05,0.17747339813849078,88
0.2,128,2,6,80,0.0007,0.05,0.17746084262409,392
0.15,300,1,4,80,0.0009,0.05,0.17743453874036996,304
0.1,300,3,6,80,0.0007,0.01,0.17742142881327513,173
0.3,256,2,6,80,0.0011,0.01,0.17740549440593117,817
0.15,300,2,6,80,0.0011,0.05,0.17740264890993762,336
0.3,300,1,6,80,0.0009,0.01,0.17737833383120566,855
0.25,300,2,4,80,0.0005,0.05,0.17736673957186788,680
0.3,300,2,4,80,0.0013,0.05,0.17735367240339736,868
0.2,256,1,6,80,0.0005,0.05,0.17735181522144,430
0.2,300,3,6,80,0.0009,0.05,0.1773461250882285,534
0.2,256,3,4,80,0.0005,0.01,0.17730497648686533,461
0.2,300,2,6,80,0.0007,0.01,0.17729086611078188,513
0.15,300,3,4,80,0.0013,0.05,0.17728629965823675,348
0.2,300,2,6,80,0.0005,0.01,0.1772498110005155,511
0.15,256,3,4,80,0.0005,0.05,0.177166179829954,280
0.2,300,1,4,80,0.0011,0.05,0.177114536647481,486
0.15,256,2,6,80,0.0005,0.05,0.17711448753065917,270
0.15,300,3,4,80,0.0005,0.05,0.1770801339869855,340
0.1,256,3,4,80,0.0007,0.01,0.17707153117178584,103
0.25,300,2,4,80,0.0009,0.05,0.1770501530309621,684
0.25,128,1,4,80,0.0013,0.01,0.177028403734117,549
0.15,300,3,6,80,0.0013,0.05,0.17700817199085514,358
0.1,256,1,4,80,0.0013,0.01,0.1770024026099309,69
0.1,128,1,6,80,0.0011,0.05,0.17699786409797288,16
0.1,256,3,6,80,0.0007,0.01,0.17696130894765058,113
0.2,128,2,4,80,0.0011,0.01,0.17695062524146601,387
0.2,300,1,4,80,0.0013,0.05,0.17694805557527193,488
0.25,256,1,6,80,0.0013,0.01,0.1769170693806196,619
0.3,300,2,6,80,0.0005,0.05,0.1769153751769557,870
0.2,256,3,4,80,0.0007,0.05,0.1769145040577298,462
0.3,256,2,4,80,0.0009,0.01,0.17689931357264135,805
0.15,300,3,6,80,0.0009,0.01,0.17688597673302775,355
0.1,256,2,4,80,0.0011,0.01,0.17686265562411163,87
0.15,256,2,6,80,0.0009,0.05,0.17686054840607296,274
0.15,300,1,6,80,0.0005,0.01,0.17684137255206922,311
0.25,300,1,6,80,0.0007,0.05,0.17682279994168676,672
0.15,256,2,6,80,0.0005,0.01,0.17681367478719284,271
0.2,256,3,6,80,0.0013,0.01,0.17680993113722687,479
0.15,256,2,6,80,0.0007,0.05,0.17679693339153865,272
0.1,300,3,6,80,0.0013,0.01,0.1767958048782945,179
0.1,300,3,6,80,0.0009,0.05,0.17678466922701253,174
0.1,300,3,4,80,0.0005,0.05,0.17674358978765137,160
0.25,256,1,4,80,0.0011,0.05,0.17674009184306472,606
0.2,300,2,4,80,0.0009,0.05,0.17669473175944173,504
0.2,300,2,4,80,0.0011,0.05,0.1766793957307438,506
0.15,128,3,4,80,0.0009,0.05,0.17667192394043874,224
0.3,256,2,4,80,0.0009,0.05,0.1766619396237798,804
0.15,300,2,4,80,0.0007,0.01,0.1766546913222895,323
0.1,300,1,6,80,0.0013,0.05,0.1766219030906339,138
0.2,300,1,6,80,0.0005,0.05,0.17658705613302245,490
0.1,256,1,4,80,0.0011,0.01,0.1765771396342769,67
0.1,300,1,6,80,0.0011,0.05,0.17657562633790336,136
0.25,256,3,6,80,0.0011,0.05,0.17656839620346693,656
0.1,128,3,6,80,0.0013,0.05,0.17654866582596557,58
0.1,256,3,6,80,0.0005,0.05,0.17644052339871769,110
0.3,256,3,6,80,0.0011,0.05,0.1764251943982182,836
0.15,300,3,6,80,0.0007,0.05,0.17641423199276796,352
0.15,128,2,6,80,0.0009,0.05,0.17641202632423378,214
0.15,128,3,6,80,0.0013,0.01,0.17636024773904255,239
0.1,256,2,6,80,0.0011,0.01,0.17636013179258192,97
0.3,256,1,4,80,0.0009,0.05,0.17636005097721477,784
0.1,300,3,6,80,0.0009,0.01,0.17635070066108804,175
0.15,300,1,6,80,0.0011,0.05,0.1763408474354765,316
0.25,256,2,6,80,0.0013,0.05,0.17633460737316844,638
0.25,300,3,4,80,0.0005,0.05,0.17631018536617787,700
0.25,300,1,4,80,0.0013,0.05,0.17630715753207768,668
0.1,128,3,4,80,0.0013,0.01,0.17628467943121862,49
0.1,128,3,4,80,0.0011,0.01,0.17627650991129198,47
0.1,256,1,4,80,0.0005,0.01,0.17625719930433806,61
0.3,300,1,4,80,0.0005,0.05,0.17625079932899124,840
0.3,300,2,4,80,0.0007,0.01,0.17624070317660084,863
0.2,256,2,4,80,0.0009,0.05,0.1762358916953783,444
0.15,256,1,6,80,0.0009,0.01,0.17621888346157802,255
0.15,300,2,4,80,0.0009,0.01,0.17620310449112728,325
0.15,256,3,6,80,0.0007,0.01,0.1761857616545596,293
0.2,300,1,4,80,0.0011,0.01,0.17614787963855394,487
0.25,300,3,6,80,0.0005,0.05,0.1760861360748553,710
0.15,300,3,4,80,0.0011,0.01,0.17603217569958848,347
0.15,128,2,6,80,0.0007,0.01,0.17601797177702255,213
0.15,256,1,6,80,0.0007,0.01,0.17599550235221334,253
0.3,256,1,6,80,0.0005,0.05,0.17599533025451194,790
0.2,128,2,6,80,0.0013,0.05,0.1759611185079512,398
0.1,256,1,6,80,0.0007,0.01,0.175942994525996,73
0.15,300,1,4,80,0.0007,0.01,0.17590213500508478,303
0.3,256,2,6,80,0.0009,0.05,0.17589709644972845,814
0.15,256,2,4,80,0.0005,0.01,0.17586716560151705,261
0.15,256,1,4,80,0.0009,0.01,0.1758552409158862,245
0.3,128,2,4,80,0.0013,0.01,0.175826982526615,749
0.1,300,2,4,80,0.0013,0.01,0.1758206857937748,149
0.1,300,3,4,80,0.0013,0.01,0.1757905355864725,169
0.3,256,1,4,80,0.0013,0.01,0.17575307865377418,789
0.3,256,3,6,80,0.0009,0.01,0.17574870230261938,835
0.3,256,3,4,80,0.0013,0.01,0.1757222301471801,829
0.15,300,2,6,80,0.0005,0.01,0.17572215079577086,331
0.25,300,3,4,80,0.0007,0.01,0.17565030344551058,703
0.3,128,2,6,80,0.0007,0.05,0.17565000841831052,752
0.15,128,2,6,80,0.0009,0.01,0.17564687175493185,215
0.15,128,1,4,80,0.0011,0.05,0.1756322343958086,186
0.2,256,3,6,80,0.0005,0.05,0.17562920036450097,470
0.15,300,3,4,80,0.0009,0.01,0.17562507100624997,345
0.25,300,2,6,80,0.0007,0.01,0.175610484239667,693
0.15,128,2,6,80,0.0013,0.05,0.1756059277428143,218
0.15,128,2,4,80,0.0013,0.01,0.17560278606455915,209
0.3,300,1,6,80,0.0005,0.01,0.17559602686150505,851
0.3,300,1,4,80,0.0007,0.05,0.17558441568387584,842
0.15,256,2,4,80,0.0007,0.01,0.1755814019951385,263
0.15,128,3,4,80,0.0011,0.05,0.17557113908861857,226
0.25,300,1,6,80,0.0005,0.05,0.175560816907109,670
0.2,300,3,6,80,0.0005,0.01,0.1755567515354551,531
0.3,300,3,6,80,0.0011,0.01,0.17555497122577846,897
0.3,300,1,4,80,0.0011,0.01,0.17553594668636296,847
0.3,300,2,6,80,0.0009,0.01,0.17553142806833708,875
0.3,300,2,6,80,0.0007,0.01,0.17553095392316403,873
0.3,300,1,6,80,0.0007,0.01,0.17553085067936508,853
0.25,256,3,4,80,0.0009,0.05,0.17552710239018401,644
0.25,256,3,4,80,0.0007,0.05,0.17550734435609877,642
0.1,300,1,6,80,0.0009,0.01,0.17548864902060968,135
0.25,300,3,6,80,0.0011,0.05,0.17548364931996552,716
0.15,128,2,4,80,0.0013,0.05,0.17541362928184187,208
0.2,256,2,6,80,0.0007,0.01,0.17538280099771078,453
0.3,300,3,6,80,0.0005,0.05,0.17538261695240617,890
0.3,300,2,4,80,0.0009,0.01,0.17535995711818841,865
0.3,256,3,4,80,0.0013,0.05,0.17529822574495318,828
0.3,256,1,6,80,0.0009,0.05,0.17529792621940976,794
0.25,300,3,6,80,0.0007,0.05,0.17526941106681343,712
0.25,256,3,6,80,0.0005,0.05,0.1752582351616614,650
0.25,128,2,6,80,0.0013,0.05,0.1752492539786008,578
0.2,300,1,4,80,0.0007,0.05,0.1752402511162026,482
0.25,300,2,6,80,0.0005,0.01,0.17523884395259584,691
0.2,256,3,4,80,0.0011,0.01,0.17521722643906323,467
0.3,256,1,6,80,0.0007,0.05,0.17520481330871146,792
0.2,256,3,6,80,0.0009,0.05,0.17519312400044312,474
0.3,300,3,4,80,0.0009,0.05,0.1751784553208787,884
0.25,256,3,6,80,0.0013,0.05,0.1751755152208892,658
0.25,128,2,6,80,0.0011,0.01,0.17515319013599037,577
0.25,300,2,4,80,0.0013,0.05,0.17513045206735894,688
0.2,256,3,6,80,0.0011,0.01,0.1751265307520054,477
0.1,128,2,6,80,0.0007,0.05,0.1751200654750373,32
0.15,256,3,6,80,0.0013,0.01,0.17511260658372818,299
0.3,128,2,6,80,0.0013,0.01,0.17510643167238188,759
0.2,128,3,4,80,0.0011,0.05,0.1751016400225966,406
0.25,300,1,4,80,0.0007,0.01,0.17510079085311775,663
0.15,300,1,4,80,0.0011,0.01,0.17509473996310104,307
0.2,300,1,6,80,0.0013,0.01,0.17507821946408972,499
0.2,300,1,6,80,0.0005,0.01,0.17506010290765758,491
0.3,256,3,6,80,0.0007,0.01,0.17505962575844683,833
0.3,128,1,4,80,0.0013,0.05,0.17505903696797026,728
0.25,300,1,4,80,0.0005,0.01,0.17504939789052706,661
0.1,300,1,4,80,0.0005,0.01,0.1750489731271116,121
0.3,256,1,6,80,0.0009,0.01,0.17504738733815184,795
0.1,256,2,4,80,0.0005,0.01,0.17503439632405535,81
0.2,128,2,6,80,0.0011,0.01,0.17503050456814395,397
0.2,300,3,6,80,0.0007,0.05,0.1750280788696637,532
0.1,256,3,6,80,0.0007,0.05,0.17500639113814076,112
0.1,256,1,6,80,0.0009,0.01,0.17499890117829614,75
0.25,256,3,4,80,0.0007,0.01,0.17499223001867067,643
0.15,128,2,4,80,0.0011,0.05,0.17498853671942366,206
0.2,128,3,6,80,0.0013,0.05,0.17498692638534066,418
0.1,256,3,6,80,0.0009,0.01,0.1749710463087042,115
0.2,256,3,4,80,0.0005,0.05,0.17496586827266994,460
0.3,300,3,4,80,0.0013,0.05,0.17495576092547338,888
0.2,128,1,6,80,0.0013,0.01,0.17491092767832628,379
0.3,300,2,6,80,0.0013,0.05,0.1749046087813322,878
0.3,128,2,6,80,0.0011,0.01,0.17487526400026226,757
0.2,300,3,4,80,0.0009,0.05,0.17485454642725823,524
0.25,128,3,4,80,0.0013,0.05,0.17484887518475392,588
0.15,128,2,4,80,0.0009,0.05,0.17484414340474802,204
0.1,300,1,4,80,0.0005,0.05,0.17483687764444877,120
0.25,256,2,6,80,0.0013,0.01,0.17477563585160216,639
0.25,256,1,6,80,0.0005,0.05,0.17475032592062706,610
0.3,256,2,6,80,0.0013,0.05,0.17474238083659763,818
0.25,256,3,6,80,0.0011,0.01,0.17472825473452525,657
0.2,300,3,4,80,0.0005,0.01,0.17467327889443207,521
0.2,300,1,4,80,0.0005,0.05,0.17463461420989843,480
0.2,256,1,4,80,0.0009,0.01,0.17460348919936547,425
0.1,256,2,4,80,0.0007,0.05,0.1745830235787782,82
0.25,256,3,6,80,0.0007,0.01,0.17457876276420514,653
0.1,128,3,6,80,0.0011,0.01,0.17455205186951528,57
0.1,128,3,6,80,0.0009,0.01,0.1745450389516651,55
0.2,256,3,6,80,0.0009,0.01,0.1745246790003448,475
0.15,256,3,6,80,0.0011,0.01,0.17452141573552854,297
0.2,256,2,6,80,0.0005,0.05,0.1745159485074567,450
0.2,256,3,4,80,0.0011,0.05,0.1745083001772634,466
0.3,300,2,4,80,0.0007,0.05,0.17446369699442602,862
0.25,300,1,4,80,0.0009,0.01,0.17446110998429182,665
0.3,300,1,6,80,0.0013,0.01,0.1744520750256685,859
0.2,300,3,6,80,0.0011,0.05,0.17445036535057293,536
0.1,300,1,6,80,0.0005,0.05,0.17442219029075917,130
0.25,300,3,6,80,0.0009,0.01,0.17441198185001028,715
0.2,256,2,4,80,0.0009,0.01,0.1743989629012627,445
0.2,256,1,4,80,0.0009,0.05,0.17438902292598266,424
0.1,128,2,6,80,0.0007,0.01,0.17438747591101028,33
0.2,128,2,6,80,0.0009,0.01,0.17434540104324328,395
0.15,128,3,4,80,0.0013,0.05,0.17433671647173984,228
0.2,300,3,4,80,0.0013,0.05,0.1743290961144336,528
0.2,128,2,6,80,0.0011,0.05,0.17430096166855447,396
0.1,128,2,6,80,0.0009,0.05,0.1742980610126945,34
0.3,128,1,4,80,0.0011,0.05,0.1742093594381636,726
0.15,300,3,6,80,0.0013,0.01,0.17418705756744424,359
0.1,128,3,6,80,0.0009,0.05,0.17417997328538953,54
0.1,128,1,6,80,0.0009,0.05,0.1741608073307729,14
0.25,256,1,6,80,0.0013,0.05,0.17414826734903194,618
0.1,128,2,4,80,0.0007,0.05,0.1741379167536681,22
0.3,300,1,6,80,0.0011,0.01,0.1741253391424797,857
0.3,300,3,6,80,0.0013,0.05,0.17411136348665757,898
0.15,128,2,6,80,0.0011,0.05,0.17411037000140162,216
0.1,256,1,4,80,0.0013,0.05,0.17409736339618506,68
0.3,300,1,6,80,0.0013,0.05,0.17408261103491376,858
0.3,300,3,4,80,0.0005,0.05,0.17407314075753105,880
0.2,256,1,6,80,0.0013,0.01,0.17403867473655005,439
0.1,128,3,4,80,0.0013,0.05,0.17401378476904822,48
0.3,128,2,6,80,0.0009,0.01,0.1739895926517667,755
0.3,256,3,6,80,0.0013,0.01,0.1739756413559928,839
0.2,256,2,4,80,0.0007,0.05,0.17397014178247044,442
0.1,128,3,4,80,0.0011,0.05,0.17395842268349426,46
0.1,300,3,4,80,0.0009,0.05,0.17395290511139033,164
0.25,128,3,6,80,0.0011,0.01,0.17394243459973785,597
0.25,128,3,6,80,0.0009,0.05,0.17393005618494348,594
0.2,128,3,6,80,0.0007,0.05,0.1739166074689215,412
0.15,256,1,4,80,0.0013,0.05,0.17390542636569972,248
0.1,128,3,6,80,0.0007,0.01,0.1739038890099707,53
0.2,256,2,4,80,0.0005,0.01,0.17388586749196205,441
0.15,300,1,4,80,0.0013,0.05,0.1738762458078411,308
0.3,300,3,6,80,0.0009,0.05,0.1738761085440879,894
0.2,300,1,6,80,0.0011,0.01,0.17387555088952852,497
0.25,256,2,4,80,0.0005,0.05,0.17387303214888952,620
0.15,256,1,6,80,0.0005,0.05,0.17386002080129903,250
0.15,128,2,4,80,0.0007,0.01,0.17383099754659231,203
0.2,256,3,4,80,0.0013,0.01,0.17382196109734643,469
0.25,256,3,6,80,0.0013,0.01,0.17381858871555153,659
0.15,128,2,6,80,0.0013,0.01,0.17380849477647822,219
0.2,128,3,6,80,0.0009,0.05,0.1738066105579131,414
0.3,256,3,4,80,0.0007,0.01,0.17380146755967088,823
0.1,256,1,4,80,0.0005,0.05,0.17376212337887015,60
0.1,128,3,6,80,0.0005,0.01,0.17370667592080885,51
0.3,300,1,4,80,0.0007,0.01,0.1736988899267588,843
0.25,300,1,4,80,0.0009,0.05,0.1736763382236849,664
0.3,128,2,6,80,0.0013,0.05,0.1736744508722261,758
0.2,300,3,6,80,0.0013,0.05,0.17364481221322373,538
0.1,256,3,6,80,0.0009,0.05,0.17361617117038425,114
0.3,256,3,4,80,0.0011,0.01,0.1736131615078193,827
0.25,300,3,4,80,0.0013,0.01,0.17358999806977038,709
0.15,128,2,4,80,0.0011,0.01,0.17357563315911123,207
0.25,256,1,6,80,0.0005,0.01,0.1734993493955221,611
0.15,128,3,6,80,0.0011,0.05,0.17349245343570802,236
0.2,256,3,4,80,0.0009,0.05,0.1734844291481512,464
0.3,128,3,4,80,0.0011,0.05,0.17345537609131867,766
0.1,128,1,6,80,0.0011,0.01,0.17344071199750055,17
0.25,300,3,4,80,0.0009,0.05,0.17344009190066417,704
0.1,256,1,4,80,0.0011,0.05,0.1734353937256642,66
0.25,300,3,6,80,0.0007,0.01,0.17343033794164137,713
0.15,300,1,4,80,0.0005,0.05,0.17342175785966651,300
0.3,128,3,4,80,0.0011,0.01,0.1734165965361221,767
0.3,300,3,4,80,0.0011,0.01,0.1734030717541641,887
0.25,300,3,6,80,0.0013,0.05,0.17338781017251004,718
0.25,128,3,4,80,0.0013,0.01,0.17338386527442234,589
0.25,256,3,4,80,0.0013,0.01,0.17337675757222712,649
0.3,256,3,4,80,0.0009,0.05,0.17337244350409556,824
0.2,300,1,4,80,0.0009,0.01,0.1733551617941579,485
0.1,128,2,6,80,0.0009,0.01,0.17333691894298056,35
0.3,300,1,4,80,0.0011,0.05,0.17332108521834846,846
0.25,128,3,6,80,0.0013,0.01,0.17329178417766547,599
0.3,256,1,4,80,0.0007,0.01,0.17328757233143127,783
0.3,256,3,6,80,0.0013,0.05,0.17326213912302382,838
0.25,256,3,4,80,0.0005,0.05,0.1732533868919717,640
0.3,128,2,4,80,0.0011,0.01,0.17325324836801886,747
0.3,128,1,6,80,0.0011,0.05,0.17323595403777195,736
0.25,300,1,6,80,0.0005,0.01,0.17320646071091195,671
0.2,256,1,6,80,0.0011,0.01,0.17319833549651859,437
0.15,128,1,6,80,0.0011,0.05,0.17319647361154694,196
0.1,300,1,4,80,0.0011,0.05,0.17317958902524777,126
0.2,128,2,6,80,0.0007,0.01,0.17317447989184293,393
0.2,128,3,4,80,0.0013,0.01,0.17317323185684186,409
0.1,128,1,4,80,0.0013,0.01,0.1731712442539462,9
0.15,300,1,4,80,0.0009,0.01,0.17316508407629497,305
0.2,128,1,6,80,0.0011,0.01,0.17315276288620599,377
0.1,256,1,4,80,0.0007,0.05,0.17311540962767505,62
0.2,128,2,6,80,0.0009,0.05,0.17310770999005637,394
0.1,256,2,4,80,0.0005,0.05,0.17306869822173565,80
0.3,300,3,4,80,0.0013,0.01,0.17304858937104692,889
0.25,256,2,4,80,0.0005,0.01,0.17304840035427788,621
0.2,256,3,6,80,0.0005,0.01,0.1730481615259637,471
0.15,256,1,4,80,0.0007,0.05,0.17300629366742312,242
0.3,128,3,6,80,0.0011,0.05,0.17299702458547822,776
0.3,256,2,6,80,0.0007,0.05,0.17298726925030394,812
0.25,128,3,6,80,0.0011,0.05,0.17298393386295746,596
0.2,256,1,4,80,0.0011,0.05,0.1729683363938366,426
0.15,128,1,6,80,0.0011,0.01,0.172960414541129,197
0.3,300,3,6,80,0.0013,0.01,0.1729141674072717,899
0.2,300,2,4,80,0.0013,0.01,0.17289390845306704,509
0.1,300,3,4,80,0.0007,0.05,0.17289292591531913,162
0.15,300,2,4,80,0.0005,0.01,0.17286888546588758,321
0.3,256,3,6,80,0.0007,0.05,0.17286613790766425,832
0.25,256,3,6,80,0.0009,0.01,0.17284999419168165,655
0.1,128,3,4,80,0.0007,0.05,0.17280555910253592,42
0.3,300,3,6,80,0.0007,0.05,0.1727926934546563,892
0.15,128,3,4,80,0.0013,0.01,0.1727900437089948,229
0.1,256,1,6,80,0.0013,0.01,0.1727836250882991,79
0.25,128,3,4,80,0.0009,0.01,0.17270241400948277,585
0.25,256,3,4,80,0.0009,0.01,0.17268450271003852,645
0.2,128,2,4,80,0.0007,0.01,0.17267636295559058,383
0.3,256,3,4,80,0.0007,0.05,0.1726756565572486,822
0.3,300,3,4,80,0.0005,0.01,0.1726609694164595,881
0.15,128,1,4,80,0.0013,0.01,0.17264178685109388,189
0.3,256,2,4,80,0.0005,0.05,0.17261223842443593,800
0.3,128,3,6,80,0.0013,0.05,0.17258655417836583,778
0.25,256,1,4,80,0.0011,0.01,0.1725642992332168,607
0.3,256,2,4,80,0.0007,0.01,0.17254670132010436,803
0.2,256,1,4,80,0.0005,0.01,0.17253808416051722,421
0.1,300,1,4,80,0.0007,0.05,0.17251526632438888,122
0.15,128,3,4,80,0.0009,0.01,0.17251422464692784,225
0.25,256,1,4,80,0.0009,0.05,0.17251064460394833,604
0.3,256,1,6,80,0.0007,0.01,0.17249553492245362,793
0.25,256,1,6,80,0.0007,0.05,0.1724844729457095,612
0.3,300,3,4,80,0.0007,0.05,0.172442914281924,882
0.1,300,2,4,80,0.0011,0.05,0.17242148387818843,146
0.3,128,3,6,80,0.0011,0.01,0.1723725564021365,777
0.3,256,3,6,80,0.0009,0.05,0.17237228217659717,834
0.2,128,2,4,80,0.0013,0.05,0.17236794243650394,388
0.1,128,3,6,80,0.0005,0.05,0.17235223073463116,50
0.15,256,3,6,80,0.0005,0.01,0.1723505581395916,291
0.1,256,1,6,80,0.0009,0.05,0.17233143679091573,74
0.1,300,3,6,80,0.0007,0.05,0.17232522504921421,172
0.15,128,3,6,80,0.0007,0.05,0.1723234653985467,232
0.2,128,2,4,80,0.0013,0.01,0.17231498601889336,389
0.1,128,2,4,80,0.0009,0.01,0.17226492646823208,25
0.3,300,2,6,80,0.0011,0.01,0.17226010559506177,877
0.3,300,2,6,80,0.0011,0.05,0.17225457327949256,876
0.25,256,3,6,80,0.0005,0.01,0.17225309685208562,651
0.3,256,2,6,80,0.0007,0.01,0.17222493430346736,813
0.25,256,3,4,80,0.0013,0.05,0.17222316872909388,648
0.3,256,3,4,80,0.0005,0.01,0.17221421869048678,821
0.25,128,2,6,80,0.0011,0.05,0.17220849022697202,576
0.15,128,1,6,80,0.0007,0.05,0.1721781525901282,192
0.25,128,1,6,80,0.0013,0.01,0.17210360743891956,559
0.2,128,3,4,80,0.0009,0.01,0.17207435478526978,405
0.3,256,3,4,80,0.0009,0.01,0.1720239435876185,825
0.1,300,1,4,80,0.0011,0.01,0.17197868926501764,127
0.1,256,1,4,80,0.0009,0.01,0.17193775336779507,65
0.3,300,1,6,80,0.0009,0.05,0.17192387997753478,854
0.25,300,1,4,80,0.0007,0.05,0.17192286947235735,662
0.3,300,3,6,80,0.0005,0.01,0.17190381579320385,891
0.2,256,2,4,80,0.0011,0.05,0.17189436402781771,446
0.15,128,3,6,80,0.0005,0.01,0.17188101000703615,231
0.2,128,3,6,80,0.0009,0.01,0.17187645650853375,415
0.25,128,2,4,80,0.0007,0.01,0.17187294277980858,563
0.15,128,1,4,80,0.0013,0.05,0.17186046467089564,188
0.15,128,3,4,80,0.0011,0.01,0.1718470850972634,227
0.3,256,3,6,80,0.0011,0.01,0.1718397652187978,837
0.3,256,3,6,80,0.0005,0.05,0.17180636436949498,830
0.25,128,3,6,80,0.0013,0.05,0.17178648979545164,598
0.15,128,2,4,80,0.0009,0.01,0.17178150429251213,205
0.2,300,3,4,80,0.0011,0.05,0.17170871953931888,526
0.15,128,2,4,80,0.0005,0.05,0.17169531123154058,200
0.25,300,3,4,80,0.0005,0.01,0.171692677365037,701
0.3,256,2,4,80,0.0005,0.01,0.17168304464758288,801
0.1,128,2,4,80,0.0009,0.05,0.17167891689142412,24
0.3,128,2,6,80,0.0011,0.05,0.17166884554270645,756
0.1,128,2,4,80,0.0011,0.05,0.17165926570801326,26
0.2,128,1,4,80,0.0009,0.05,0.17163591400025666,364
0.25,128,3,4,80,0.0011,0.05,0.17163432211737387,586
0.25,128,1,6,80,0.0011,0.01,0.17162720199590062,557
0.3,256,1,6,80,0.0005,0.01,0.17161521915641603,791
0.1,128,2,6,80,0.0005,0.05,0.17161142223116824,30
0.25,128,2,6,80,0.0009,0.05,0.17157729441758873,574
0.25,128,2,4,80,0.0005,0.05,0.17154733458984459,560
0.2,128,2,4,80,0.0009,0.05,0.17149179923596444,384
0.25,128,2,4,80,0.0011,0.01,0.17148209436957054,567
0.3,128,3,4,80,0.0013,0.05,0.17147324567999467,768
0.25,128,2,4,80,0.0009,0.01,0.17147245703352326,565
0.15,300,1,4,80,0.0005,0.01,0.17146316767939462,301
0.2,128,1,6,80,0.0009,0.01,0.17146280072871392,375
0.2,256,1,4,80,0.0011,0.01,0.17144427698187029,427
0.15,256,1,4,80,0.0005,0.01,0.17137756699561324,241
0.15,128,3,6,80,0.0009,0.05,0.17136592818370067,234
0.3,300,3,4,80,0.0011,0.05,0.17136124830458796,886
0.2,128,3,4,80,0.0013,0.05,0.1713322233810684,408
0.1,256,1,4,80,0.0009,0.05,0.17129731637743156,64
0.15,128,3,4,80,0.0007,0.05,0.1712560637987865,222
0.25,128,3,6,80,0.0007,0.01,0.17122873607600053,593
0.2,256,1,4,80,0.0007,0.05,0.17122464242299684,422
0.25,256,3,4,80,0.0005,0.01,0.17119555702897715,641
0.3,128,2,6,80,0.0009,0.05,0.17117845743369892,754
0.2,256,2,4,80,0.0005,0.05,0.17117584719396145,440
0.25,128,2,4,80,0.0007,0.05,0.1711638437693277,562
0.25,128,3,4,80,0.0007,0.01,0.17112739046210457,583
0.25,128,2,4,80,0.0013,0.05,0.1711272741556368,568
0.3,128,3,6,80,0.0009,0.01,0.17112023302943125,775
0.3,128,1,4,80,0.0009,0.01,0.17105198838764918,725
0.15,128,2,4,80,0.0005,0.01,0.17104877724469064,201
0.2,256,1,4,80,0.0005,0.05,0.1710318289155392,420
0.2,128,3,6,80,0.0013,0.01,0.1710238257395481,419
0.1,128,2,6,80,0.0011,0.05,0.17100193050728543,36
0.15,256,1,4,80,0.0005,0.05,0.1709987164630366,240
0.15,256,3,4,80,0.0005,0.01,0.17097772096132147,281
0.25,128,2,6,80,0.0009,0.01,0.1709246465418994,575
0.2,128,3,6,80,0.0011,0.05,0.17089836845600143,416
0.1,128,2,6,80,0.0011,0.01,0.17087268920920629,37
0.25,300,3,4,80,0.0007,0.05,0.1708198982629285,702
0.3,300,1,4,80,0.0009,0.05,0.17077193187327366,844
0.1,128,3,4,80,0.0009,0.05,0.17073505666863215,44
0.1,128,3,4,80,0.0005,0.01,0.17073150356694683,41
0.2,128,3,4,80,0.0009,0.05,0.1706866379780462,404
0.25,128,3,4,80,0.0011,0.01,0.17067339015435454,587
0.1,256,1,6,80,0.0005,0.05,0.17065249662304996,70
0.2,300,1,4,80,0.0005,0.01,0.17062241606656725,481
0.3,128,2,4,80,0.0007,0.01,0.17055543060461614,743
0.3,128,3,6,80,0.0013,0.01,0.1705332065128185,779
0.3,300,2,4,80,0.0005,0.01,0.17052051060253037,861
0.25,128,1,6,80,0.0011,0.05,0.1705190428778322,556
0.2,128,2,4,80,0.0009,0.01,0.17050144255985922,385
0.25,300,3,6,80,0.0013,0.01,0.17044170822412985,719
0.25,128,2,4,80,0.0013,0.01,0.17040568110697268,569
0.3,256,1,4,80,0.0007,0.05,0.17037939265910979,782
0.15,128,3,6,80,0.0013,0.05,0.1703703328779447,238
0.15,128,2,6,80,0.0005,0.01,0.1703460540232021,211
0.1,128,3,6,80,0.0007,0.05,0.17026275803949348,52
0.3,300,3,6,80,0.0011,0.05,0.17024398316459916,896
0.2,128,2,6,80,0.0005,0.05,0.17022286188468969,390
0.3,128,2,4,80,0.0007,0.05,0.17008176669150887,742
0.3,300,1,4,80,0.0005,0.01,0.17008115669178728,841
0.25,128,2,6,80,0.0007,0.01,0.17007858801725817,573
0.15,128,1,6,80,0.0007,0.01,0.1700301299082359,193
0.15,128,3,4,80,0.0005,0.01,0.1700253384523328,221
0.15,300,1,4,80,0.0007,0.05,0.17000378451677922,302
0.3,256,3,6,80,0.0005,0.01,0.170003684793759,831
0.25,128,2,4,80,0.0009,0.05,0.16990110769416325,564
0.3,128,2,4,80,0.0009,0.01,0.16982364544518286,745
0.15,128,3,4,80,0.0007,0.01,0.16981160495438935,223
0.25,300,3,6,80,0.0009,0.05,0.16978506901698232,714
0.2,128,2,4,80,0.0005,0.01,0.16975300707896834,381
0.3,300,3,4,80,0.0009,0.01,0.16972173968555687,885
0.25,128,1,4,80,0.0009,0.01,0.16966539942217518,545
0.3,128,1,6,80,0.0009,0.01,0.16961883388275606,735
0.15,128,1,6,80,0.0013,0.01,0.16955388141663846,199
0.25,128,3,4,80,0.0009,0.05,0.16954656460686685,584
0.2,128,1,4,80,0.0009,0.01,0.1695288379241252,365
0.3,128,1,6,80,0.0011,0.01,0.1695047626444088,737
0.1,128,3,4,80,0.0005,0.05,0.16949970780340148,40
0.25,128,1,4,80,0.0009,0.05,0.16945526528598495,544
0.15,128,2,4,80,0.0007,0.05,0.16934733206140065,202
0.3,256,1,4,80,0.0005,0.05,0.16928154248368682,780
0.25,256,1,4,80,0.0005,0.05,0.16925696851436864,600
0.2,128,3,4,80,0.0007,0.01,0.1692238011098378,403
0.2,128,1,4,80,0.0013,0.05,0.16922003472624497,368
0.15,256,1,4,80,0.0011,0.01,0.1692111794761446,247
0.15,256,1,4,80,0.0013,0.01,0.16913400938549653,249
0.1,128,1,6,80,0.0007,0.01,0.1690195609987342,13
0.2,128,1,4,80,0.0013,0.01,0.1690170724104864,369
0.3,128,2,6,80,0.0007,0.01,0.16893118724920803,753
0.15,128,2,6,80,0.0005,0.05,0.1689140684322452,210
0.25,128,1,6,80,0.0009,0.05,0.16890200074388667,554
0.3,128,1,6,80,0.0007,0.01,0.1688439011285879,733
0.2,128,3,6,80,0.0011,0.01,0.16877496191372876,417
0.15,256,2,4,80,0.0005,0.05,0.16859867779780058,260
0.1,128,1,6,80,0.0007,0.05,0.16858660630777367,12
0.3,128,2,4,80,0.0013,0.05,0.16853274688161735,748
0.1,128,1,4,80,0.0013,0.05,0.1685261847963993,8
0.15,128,3,6,80,0.0007,0.01,0.16840921775108783,233
0.3,128,1,6,80,0.0013,0.01,0.16838734970628214,739
0.2,128,1,4,80,0.0007,0.01,0.16835432204818257,363
0.1,128,3,4,80,0.0007,0.01,0.16834035181469803,43
0.2,256,1,6,80,0.0005,0.01,0.16832447310418405,431
0.2,128,1,6,80,0.0007,0.01,0.16826193307309845,373
0.25,300,1,4,80,0.0005,0.05,0.16823498874127682,660
0.25,128,3,6,80,0.0009,0.01,0.16814475168186635,595
0.2,128,1,6,80,0.0013,0.05,0.1681063443369332,378
0.25,128,2,6,80,0.0005,0.01,0.168090545291872,571
0.1,128,2,4,80,0.0007,0.01,0.16807782587439005,23
0.3,128,3,4,80,0.0007,0.01,0.16807515822309474,763
0.25,128,3,6,80,0.0007,0.05,0.16806936632334846,592
0.2,128,1,6,80,0.0011,0.05,0.1680517298937095,376
0.2,128,3,4,80,0.0005,0.05,0.1680163819343892,400
0.1,128,2,6,80,0.0005,0.01,0.167953908934407,31
0.25,128,2,4,80,0.0011,0.05,0.16793877495642873,566
0.2,128,2,6,80,0.0005,0.01,0.1678931798965519,391
0.3,128,3,4,80,0.0013,0.01,0.16788535094070717,769
0.15,128,1,6,80,0.0005,0.05,0.16785453926806285,190
0.3,256,1,6,80,0.0011,0.01,0.1678309055365306,797
0.15,128,3,6,80,0.0009,0.01,0.1677999523309993,235
0.15,128,1,6,80,0.0013,0.05,0.16778941929692737,198
0.1,128,2,4,80,0.0005,0.05,0.1676831036018792,20
0.15,128,3,6,80,0.0005,0.05,0.16764430811686568,230
0.3,128,1,4,80,0.0013,0.01,0.1675782794337076,729
0.3,256,3,4,80,0.0011,0.05,0.1675305573362124,826
0.25,128,1,6,80,0.0013,0.05,0.1675132449837199,558
0.3,128,2,4,80,0.0005,0.05,0.16749142636698566,740
0.2,128,3,6,80,0.0007,0.01,0.16746724718077577,413
0.25,128,2,4,80,0.0005,0.01,0.16743889975750664,561
0.2,128,3,6,80,0.0005,0.05,0.16740054024205944,410
0.2,128,3,4,80,0.0005,0.01,0.16732256902156342,401
0.15,128,1,6,80,0.0009,0.05,0.1672988264009046,194
0.15,128,1,6,80,0.0005,0.01,0.16727942418129021,191
0.3,256,3,4,80,0.0005,0.05,0.16727495652105678,820
0.1,128,1,6,80,0.0005,0.05,0.1672663642909617,10
0.25,128,1,4,80,0.0013,0.05,0.16724327620598498,548
0.25,256,1,4,80,0.0013,0.01,0.16718869243287898,609
0.1,128,1,4,80,0.0011,0.01,0.16712403701903839,7
0.3,128,1,6,80,0.0013,0.05,0.16712377722502875,738
0.3,128,1,4,80,0.0009,0.05,0.16704851735505413,724
0.3,128,1,6,80,0.0005,0.01,0.16698942124973842,731
0.3,128,1,4,80,0.0007,0.01,0.166977467616198,723
0.3,128,3,4,80,0.0009,0.05,0.16693900892987723,764
0.15,128,1,4,80,0.0009,0.05,0.16685357461638542,184
0.3,128,3,6,80,0.0009,0.05,0.1668533657422093,774
0.1,128,1,6,80,0.0009,0.01,0.16681771427678582,15
0.25,128,2,6,80,0.0007,0.05,0.16680326208327867,572
0.3,128,1,6,80,0.0009,0.05,0.16675240973467492,734
0.3,128,3,6,80,0.0007,0.05,0.16674642839721043,772
0.25,128,3,4,80,0.0007,0.05,0.16671077876861903,582
0.1,128,2,4,80,0.0005,0.01,0.16667834413041954,21
0.25,128,3,6,80,0.0005,0.05,0.16666682969222057,590
0.1,128,1,4,80,0.0009,0.01,0.16665023133086718,5
0.2,128,1,6,80,0.0007,0.05,0.1666217597322236,372
0.25,128,2,6,80,0.0005,0.05,0.16660839431084914,570
0.25,128,1,6,80,0.0007,0.05,0.1665830602185211,552
0.2,128,3,4,80,0.0011,0.01,0.16655326171816082,407
0.2,128,2,4,80,0.0007,0.05,0.16642662393409985,382
0.2,128,1,6,80,0.0009,0.05,0.1662638582681307,374
0.25,128,1,6,80,0.0009,0.01,0.16625523699013406,555
0.2,128,3,4,80,0.0007,0.05,0.1661584364096007,402
0.1,128,1,4,80,0.0007,0.01,0.16615488561287822,3
0.3,128,2,4,80,0.0005,0.01,0.16612233038886443,741
0.15,128,1,4,80,0.0009,0.01,0.16607251504382559,185
0.25,128,3,6,80,0.0005,0.01,0.16604328411815322,591
0.15,128,1,4,80,0.0007,0.05,0.165955019649977,182
0.25,128,1,4,80,0.0011,0.05,0.1658894710243123,546
0.3,128,3,4,80,0.0009,0.01,0.16588649772667408,765
0.15,128,3,4,80,0.0005,0.05,0.1655473733680872,220
0.1,128,2,4,80,0.0011,0.01,0.16547106724449484,27
0.3,128,1,6,80,0.0005,0.05,0.1654114721198794,730
0.1,128,1,4,80,0.0009,0.05,0.16536288933872748,4
0.15,128,1,4,80,0.0011,0.01,0.16533093020383852,187
0.3,128,1,4,80,0.0011,0.01,0.16513232345044315,727
0.3,128,3,6,80,0.0005,0.05,0.16500843774906565,770
0.1,128,1,4,80,0.0011,0.05,0.16500012298840172,6
0.3,128,3,4,80,0.0005,0.05,0.1649193535010519,760
0.2,128,2,4,80,0.0011,0.05,0.16491126630594588,386
0.25,128,1,6,80,0.0007,0.01,0.16471836663120415,553
0.2,128,1,4,80,0.0011,0.01,0.16465374979576625,367
0.25,256,1,4,80,0.0007,0.05,0.16458474615578111,602
0.3,128,3,6,80,0.0007,0.01,0.1645731861921073,773
0.3,128,2,6,80,0.0005,0.05,0.16454967994047895,750
0.2,128,1,6,80,0.0005,0.05,0.16452665163249966,370
0.2,256,1,4,80,0.0007,0.01,0.16438310310431842,423
0.3,128,2,4,80,0.0009,0.05,0.16435870594989965,744
0.25,128,1,6,80,0.0005,0.05,0.16432795225216867,550
0.25,256,1,4,80,0.0005,0.01,0.16411078985667407,601
0.3,256,1,4,80,0.0005,0.01,0.16405178721225872,781
0.2,128,1,4,80,0.0007,0.05,0.163984961240496,362
0.3,128,1,4,80,0.0005,0.05,0.16390560933683856,720
0.15,128,1,6,80,0.0009,0.01,0.16389813167163048,195
0.3,128,3,4,80,0.0007,0.05,0.16380795729578507,762
0.2,128,3,6,80,0.0005,0.01,0.16373485743788485,411
0.1,128,1,4,80,0.0005,0.05,0.16305263993380514,0
0.1,128,1,4,80,0.0007,0.05,0.16299857721433153,2
0.3,128,1,4,80,0.0005,0.01,0.1629476549188431,721
0.2,128,1,4,80,0.0005,0.05,0.1624452845496724,360
0.25,128,1,4,80,0.0011,0.01,0.16233051324892422,547
0.1,128,1,4,80,0.0005,0.01,0.16209635924048468,1
0.15,128,1,4,80,0.0007,0.01,0.16201747735611075,183
0.2,128,1,4,80,0.0011,0.05,0.1618766549414681,366
0.25,128,1,4,80,0.0007,0.01,0.16162117709057316,543
0.25,128,1,4,80,0.0005,0.01,0.16146628863343102,541
0.3,128,3,6,80,0.0005,0.01,0.16113811697302816,771
0.15,128,1,4,80,0.0005,0.05,0.1610948981809467,180
0.3,128,2,6,80,0.0005,0.01,0.16109277002326766,751
0.15,128,1,4,80,0.0005,0.01,0.16097782582008083,181
0.3,128,1,6,80,0.0007,0.05,0.16055280415932496,732
0.2,128,2,4,80,0.0005,0.05,0.16022119714539906,380
0.2,128,1,6,80,0.0005,0.01,0.16002912811251835,371
0.25,128,1,6,80,0.0005,0.01,0.15982687282603325,551
0.25,128,1,4,80,0.0005,0.05,0.15978811715422916,540
0.2,128,1,4,80,0.0005,0.01,0.15977311309037617,361
0.25,128,3,4,80,0.0005,0.01,0.15977245057064798,581
0.25,128,3,4,80,0.0005,0.05,0.15897403935601112,580
0.1,128,1,6,80,0.0005,0.01,0.15843658395264307,11
0.3,128,3,4,80,0.0005,0.01,0.15827611633082847,761
0.3,128,1,4,80,0.0007,0.05,0.15697729520327913,722
0.25,128,1,4,80,0.0007,0.05,0.15069657054958074,542
