model,logisticregression__C,logisticregression__fit_intercept,logisticregression__max_iter,logisticregression__solver,score,max_depth,max_features,min_samples_leaf,min_samples_split,n_estimators,colsample_bytree,learning_rate,min_child_weight,reg_lambda,subsample,kneighborsclassifier__n_neighbors,kneighborsclassifier__p,kneighborsclassifier__weights,linearsvc__C,linearsvc__class_weight,linearsvc__dual,linearsvc__fit_intercept,linearsvc__max_iter,activation,alpha,hidden_layer_sizes,learning_rate_init,max_iter,solver,algorithm
gradient_boosting,,,,,0.1332324038034423,1.0,sqrt,,,441.0,,0.045000000000000005,,,0.7200000000000001,,,,,,,,,,,,,,,
gradient_boosting,,,,,0.13318008401195597,1.0,,,,200.0,,0.1,,,0.8,,,,,,,,,,,,,,,
gradient_boosting,,,,,0.13310743203655007,1.0,,,,200.0,,0.045000000000000005,,,0.8,,,,,,,,,,,,,,,
adaboost,,,,,0.1330554711873082,,,,,221.0,,0.45,,,,,,,,,,,,,,,,,,SAMME
adaboost,,,,,0.1330459949787166,,,,,200.0,,0.45,,,,,,,,,,,,,,,,,,SAMME
linear_svc,,,,,0.13303051577678315,,,,,,,,,,,,,,0.45,,True,True,1500.0,,,,,,,
gradient_boosting,,,,,0.13301032539746277,3.0,log2,,,180.0,,0.045000000000000005,,,0.8,,,,,,,,,,,,,,,
linear_svc,,,,,0.1330059689255959,,,,,,,,,,,,,,0.5,,False,False,900.0,,,,,,,
linear_svc,,,,,0.13300593846875414,,,,,,,,,,,,,,0.45,,False,False,900.0,,,,,,,
linear_svc,,,,,0.13300576320677604,,,,,,,,,,,,,,1.0,,False,False,900.0,,,,,,,
linear_svc,,,,,0.13300575097623774,,,,,,,,,,,,,,2.2,,False,False,900.0,,,,,,,
linear_svc,,,,,0.13300575097623774,,,,,,,,,,,,,,2.0,,False,False,900.0,,,,,,,
linear_svc,,,,,0.13291614157479026,,,,,,,,,,,,,,0.5,,True,True,1500.0,,,,,,,
adaboost,,,,,0.13288877350467232,,,,,200.0,,0.5,,,,,,,,,,,,,,,,,,SAMME
adaboost,,,,,0.13287232825125464,,,,,90.0,,0.5,,,,,,,,,,,,,,,,,,SAMME
adaboost,,,,,0.13286681964735925,,,,,100.0,,0.5,,,,,,,,,,,,,,,,,,SAMME
adaboost,,,,,0.1328581535090535,,,,,200.0,,1.1,,,,,,,,,,,,,,,,,,SAMME
adaboost,,,,,0.13284203857770366,,,,,221.0,,1.1,,,,,,,,,,,,,,,,,,SAMME
linear_svc,,,,,0.1328256103114726,,,,,,,,,,,,,,1.0,,True,True,1500.0,,,,,,,
linear_svc,,,,,0.13282547417799564,,,,,,,,,,,,,,0.45,,True,False,1651.0,,,,,,,
gradient_boosting,,,,,0.13270525469445585,1.0,sqrt,,,441.0,,0.1,,,0.7200000000000001,,,,,,,,,,,,,,,
adaboost,,,,,0.13267808372115203,,,,,221.0,,0.5,,,,,,,,,,,,,,,,,,SAMME
linear_svc,,,,,0.13265315572651237,,,,,,,,,,,,,,0.5,,True,False,1651.0,,,,,,,
adaboost,,,,,0.13253930464896493,,,,,221.0,,1.0,,,,,,,,,,,,,,,,,,SAMME
adaboost,,,,,0.13253452416066963,,,,,200.0,,1.0,,,,,,,,,,,,,,,,,,SAMME
extra_trees,,,,,0.1325078487355791,8.0,sqrt,4.0,5.0,441.0,,,,,,,,,,,,,,,,,,,,
linear_svc,,,,,0.1324720029840687,,,,,,,,,,,,,,1.0,,True,False,1651.0,,,,,,,
logistic_regression,0.225,False,180.0,lbfgs,0.13241491441450087,,,,,,,,,,,,,,,,,,,,,,,,,
logistic_regression,0.225,False,400.0,lbfgs,0.13241491441450087,,,,,,,,,,,,,,,,,,,,,,,,,
logistic_regression,0.225,False,200.0,lbfgs,0.13241491441450087,,,,,,,,,,,,,,,,,,,,,,,,,
logistic_regression,4.4,False,200.0,lbfgs,0.1324144514488284,,,,,,,,,,,,,,,,,,,,,,,,,
logistic_regression,4.4,False,180.0,lbfgs,0.1324144514488284,,,,,,,,,,,,,,,,,,,,,,,,,
logistic_regression,4.4,False,400.0,lbfgs,0.1324144514488284,,,,,,,,,,,,,,,,,,,,,,,,,
logistic_regression,0.25,False,200.0,lbfgs,0.13241432245115023,,,,,,,,,,,,,,,,,,,,,,,,,
logistic_regression,0.25,False,180.0,lbfgs,0.13241432245115023,,,,,,,,,,,,,,,,,,,,,,,,,
logistic_regression,0.25,False,400.0,lbfgs,0.13241432245115023,,,,,,,,,,,,,,,,,,,,,,,,,
logistic_regression,4.0,False,200.0,lbfgs,0.13241431127110787,,,,,,,,,,,,,,,,,,,,,,,,,
logistic_regression,4.0,False,400.0,lbfgs,0.13241431127110787,,,,,,,,,,,,,,,,,,,,,,,,,
logistic_regression,4.0,False,180.0,lbfgs,0.13241431127110787,,,,,,,,,,,,,,,,,,,,,,,,,
logistic_regression,1.0,False,200.0,lbfgs,0.13241387498600848,,,,,,,,,,,,,,,,,,,,,,,,,
logistic_regression,1.0,False,400.0,lbfgs,0.13241387498600848,,,,,,,,,,,,,,,,,,,,,,,,,
logistic_regression,1.0,False,180.0,lbfgs,0.13241387498600848,,,,,,,,,,,,,,,,,,,,,,,,,
gradient_boosting,,,,,0.13241199177735113,2.0,sqrt,,,180.0,,0.05,,,0.8,,,,,,,,,,,,,,,
logistic_regression,0.225,True,200.0,lbfgs,0.1323991383802945,,,,,,,,,,,,,,,,,,,,,,,,,
logistic_regression,0.225,True,180.0,lbfgs,0.1323991383802945,,,,,,,,,,,,,,,,,,,,,,,,,
logistic_regression,0.225,True,400.0,lbfgs,0.1323991383802945,,,,,,,,,,,,,,,,,,,,,,,,,
logistic_regression,0.25,True,180.0,lbfgs,0.13239911765534348,,,,,,,,,,,,,,,,,,,,,,,,,
logistic_regression,0.25,True,200.0,lbfgs,0.13239911765534348,,,,,,,,,,,,,,,,,,,,,,,,,
logistic_regression,0.25,True,400.0,lbfgs,0.13239911765534348,,,,,,,,,,,,,,,,,,,,,,,,,
logistic_regression,1.0,True,180.0,lbfgs,0.13239839124912955,,,,,,,,,,,,,,,,,,,,,,,,,
logistic_regression,1.0,True,200.0,lbfgs,0.13239839124912955,,,,,,,,,,,,,,,,,,,,,,,,,
logistic_regression,1.0,True,400.0,lbfgs,0.13239839124912955,,,,,,,,,,,,,,,,,,,,,,,,,
logistic_regression,4.0,True,400.0,lbfgs,0.13239813926980104,,,,,,,,,,,,,,,,,,,,,,,,,
logistic_regression,4.0,True,180.0,lbfgs,0.13239813926980104,,,,,,,,,,,,,,,,,,,,,,,,,
logistic_regression,4.0,True,200.0,lbfgs,0.13239813926980104,,,,,,,,,,,,,,,,,,,,,,,,,
logistic_regression,4.4,True,400.0,lbfgs,0.13239795884108593,,,,,,,,,,,,,,,,,,,,,,,,,
logistic_regression,4.4,True,200.0,lbfgs,0.13239795884108593,,,,,,,,,,,,,,,,,,,,,,,,,
logistic_regression,4.4,True,180.0,lbfgs,0.13239795884108593,,,,,,,,,,,,,,,,,,,,,,,,,
adaboost,,,,,0.132397869033947,,,,,100.0,,1.1,,,,,,,,,,,,,,,,,,SAMME
adaboost,,,,,0.13238244716425368,,,,,90.0,,1.1,,,,,,,,,,,,,,,,,,SAMME
gradient_boosting,,,,,0.13238161454715675,1.0,log2,,,400.0,,0.11000000000000001,,,0.7200000000000001,,,,,,,,,,,,,,,
extra_trees,,,,,0.13233333686578883,7.0,sqrt,1.0,5.0,441.0,,,,,,,,,,,,,,,,,,,,
linear_svc,,,,,0.13231434209331158,,,,,,,,,,,,,,0.5,balanced,True,False,1651.0,,,,,,,
gradient_boosting,,,,,0.13231041905904878,2.0,log2,,,441.0,,0.05,,,0.7200000000000001,,,,,,,,,,,,,,,
adaboost,,,,,0.13230608005460504,,,,,100.0,,0.45,,,,,,,,,,,,,,,,,,SAMME
linear_svc,,,,,0.13227575621318372,,,,,,,,,,,,,,2.2,balanced,True,True,1500.0,,,,,,,
gradient_boosting,,,,,0.1322527393728179,2.0,sqrt,,,441.0,,0.045000000000000005,,,1.0,,,,,,,,,,,,,,,
gradient_boosting,,,,,0.13224966818363568,1.0,log2,,,400.0,,0.05,,,0.7200000000000001,,,,,,,,,,,,,,,
extra_trees,,,,,0.13224482211947186,7.0,sqrt,4.0,5.0,441.0,,,,,,,,,,,,,,,,,,,,
linear_svc,,,,,0.1322272148733109,,,,,,,,,,,,,,0.45,balanced,True,True,1500.0,,,,,,,
linear_svc,,,,,0.13221404526419744,,,,,,,,,,,,,,2.2,balanced,False,False,900.0,,,,,,,
linear_svc,,,,,0.1322140295369569,,,,,,,,,,,,,,2.0,balanced,False,False,900.0,,,,,,,
linear_svc,,,,,0.1322138994316624,,,,,,,,,,,,,,1.0,balanced,False,False,900.0,,,,,,,
linear_svc,,,,,0.13221389013891688,,,,,,,,,,,,,,0.5,balanced,False,False,900.0,,,,,,,
linear_svc,,,,,0.13221387673776316,,,,,,,,,,,,,,0.45,balanced,False,False,900.0,,,,,,,
linear_svc,,,,,0.13220231594857593,,,,,,,,,,,,,,1.0,balanced,True,True,1500.0,,,,,,,
random_forest,,,,,0.1321797204609491,8.0,log2,6.0,5.0,441.0,,,,,,,,,,,,,,,,,,,,
linear_svc,,,,,0.13211748571144574,,,,,,,,,,,,,,0.5,balanced,True,True,1500.0,,,,,,,
linear_svc,,,,,0.13211223550038287,,,,,,,,,,,,,,2.0,balanced,True,False,1651.0,,,,,,,
extra_trees,,,,,0.1320528037753075,8.0,sqrt,1.0,5.0,441.0,,,,,,,,,,,,,,,,,,,,
linear_svc,,,,,0.13192704704006908,,,,,,,,,,,,,,0.45,balanced,True,False,1651.0,,,,,,,
gradient_boosting,,,,,0.13180214885830885,2.0,sqrt,,,180.0,,0.11000000000000001,,,0.8,,,,,,,,,,,,,,,
gradient_boosting,,,,,0.13175368693328415,2.0,log2,,,441.0,,0.11000000000000001,,,0.7200000000000001,,,,,,,,,,,,,,,
gradient_boosting,,,,,0.13173370010168997,3.0,sqrt,,,200.0,,0.05,,,0.8,,,,,,,,,,,,,,,
linear_svc,,,,,0.1317284166948341,,,,,,,,,,,,,,1.0,balanced,True,False,1651.0,,,,,,,
linear_svc,,,,,0.13170878576064537,,,,,,,,,,,,,,2.0,,True,True,1500.0,,,,,,,
extra_trees,,,,,0.1316623642499264,7.0,0.8,1.0,5.0,441.0,,,,,,,,,,,,,,,,,,,,
linear_svc,,,,,0.1316505655121062,,,,,,,,,,,,,,2.2,,True,False,1651.0,,,,,,,
linear_svc,,,,,0.1315879237188766,,,,,,,,,,,,,,2.0,,True,False,1651.0,,,,,,,
random_forest,,,,,0.13156485603198206,7.0,log2,6.0,2.0,200.0,,,,,,,,,,,,,,,,,,,,
adaboost,,,,,0.13154263833438076,,,,,90.0,,1.0,,,,,,,,,,,,,,,,,,SAMME
adaboost,,,,,0.13152609407657523,,,,,100.0,,1.0,,,,,,,,,,,,,,,,,,SAMME
extra_trees,,,,,0.1314696118556406,7.0,0.8,4.0,5.0,441.0,,,,,,,,,,,,,,,,,,,,
gradient_boosting,,,,,0.13143181373610527,2.0,,,,400.0,,0.045000000000000005,,,0.7200000000000001,,,,,,,,,,,,,,,
extra_trees,,,,,0.1313612737022738,7.0,log2,4.0,5.0,441.0,,,,,,,,,,,,,,,,,,,,
linear_svc,,,,,0.13135169615569042,,,,,,,,,,,,,,2.0,balanced,True,True,1500.0,,,,,,,
extra_trees,,,,,0.1313373218287544,8.0,log2,4.0,5.0,441.0,,,,,,,,,,,,,,,,,,,,
gradient_boosting,,,,,0.13120204556274367,3.0,log2,,,180.0,,0.1,,,0.8,,,,,,,,,,,,,,,
gradient_boosting,,,,,0.13119911557722735,4.0,,,,180.0,,0.05,,,0.8,,,,,,,,,,,,,,,
extra_trees,,,,,0.1311354867761238,7.0,log2,1.0,5.0,441.0,,,,,,,,,,,,,,,,,,,,
adaboost,,,,,0.13109850619559948,,,,,90.0,,0.45,,,,,,,,,,,,,,,,,,SAMME
extra_trees,,,,,0.13088451619508013,8.0,0.8,1.0,5.0,441.0,,,,,,,,,,,,,,,,,,,,
extra_trees,,,,,0.1308595812557564,8.0,log2,1.0,5.0,441.0,,,,,,,,,,,,,,,,,,,,
extra_trees,,,,,0.1307584568715619,8.0,0.8,4.0,5.0,441.0,,,,,,,,,,,,,,,,,,,,
extra_trees,,,,,0.13069404986272884,12.0,sqrt,4.0,5.0,441.0,,,,,,,,,,,,,,,,,,,,
random_forest,,,,,0.1306682249047333,7.0,sqrt,5.0,4.0,180.0,,,,,,,,,,,,,,,,,,,,
gradient_boosting,,,,,0.13066672860280004,4.0,log2,,,200.0,,0.045000000000000005,,,0.8,,,,,,,,,,,,,,,
random_forest,,,,,0.13064760282963359,8.0,sqrt,3.0,4.0,400.0,,,,,,,,,,,,,,,,,,,,
random_forest,,,,,0.13061168779203927,8.0,sqrt,6.0,2.0,200.0,,,,,,,,,,,,,,,,,,,,
random_forest,,,,,0.1303264286406153,7.0,log2,3.0,4.0,400.0,,,,,,,,,,,,,,,,,,,,
gradient_boosting,,,,,0.13014091970562977,3.0,log2,,,441.0,,0.05,,,1.0,,,,,,,,,,,,,,,
extra_trees,,,,,0.13002766395015944,12.0,log2,4.0,5.0,441.0,,,,,,,,,,,,,,,,,,,,
random_forest,,,,,0.1299235847969288,8.0,log2,2.0,5.0,200.0,,,,,,,,,,,,,,,,,,,,
gradient_boosting,,,,,0.12988286797509246,3.0,,,,441.0,,0.045000000000000005,,,0.7200000000000001,,,,,,,,,,,,,,,
random_forest,,,,,0.12970896811345942,7.0,sqrt,6.0,5.0,441.0,,,,,,,,,,,,,,,,,,,,
gradient_boosting,,,,,0.12965275967824946,4.0,sqrt,,,400.0,,0.05,,,0.7200000000000001,,,,,,,,,,,,,,,
random_forest,,,,,0.1295233380809444,7.0,sqrt,2.0,5.0,200.0,,,,,,,,,,,,,,,,,,,,
random_forest,,,,,0.1295019159506831,8.0,log2,5.0,4.0,180.0,,,,,,,,,,,,,,,,,,,,
gradient_boosting,,,,,0.1294171945015215,2.0,sqrt,,,441.0,,0.1,,,1.0,,,,,,,,,,,,,,,
linear_svc,,,,,0.12940547092255955,,,,,,,,,,,,,,2.2,,True,True,1500.0,,,,,,,
gradient_boosting,,,,,0.12917368312740363,3.0,sqrt,,,200.0,,0.11000000000000001,,,0.8,,,,,,,,,,,,,,,
extra_trees,,,,,0.12897193763018344,14.0,log2,4.0,5.0,441.0,,,,,,,,,,,,,,,,,,,,
extra_trees,,,,,0.1287699196529945,14.0,sqrt,4.0,5.0,441.0,,,,,,,,,,,,,,,,,,,,
extra_trees,,,,,0.12824692432800944,12.0,sqrt,1.0,5.0,441.0,,,,,,,,,,,,,,,,,,,,
gradient_boosting,,,,,0.12824126622323545,2.0,,,,400.0,,0.1,,,0.7200000000000001,,,,,,,,,,,,,,,
extra_trees,,,,,0.12798420563808355,12.0,log2,1.0,5.0,441.0,,,,,,,,,,,,,,,,,,,,
gradient_boosting,,,,,0.12745439172104406,4.0,log2,,,200.0,,0.1,,,0.8,,,,,,,,,,,,,,,
random_forest,,,,,0.12724076651155414,7.0,0.8,6.0,5.0,441.0,,,,,,,,,,,,,,,,,,,,
linear_svc,,,,,0.12714467503150081,,,,,,,,,,,,,,2.2,balanced,True,False,1651.0,,,,,,,
random_forest,,,,,0.12709033902699843,12.0,sqrt,6.0,5.0,441.0,,,,,,,,,,,,,,,,,,,,
gradient_boosting,,,,,0.12702068543068773,3.0,log2,,,441.0,,0.11000000000000001,,,1.0,,,,,,,,,,,,,,,
extra_trees,,,,,0.12670418167089026,12.0,0.8,4.0,5.0,441.0,,,,,,,,,,,,,,,,,,,,
random_forest,,,,,0.126673105828944,12.0,log2,6.0,2.0,200.0,,,,,,,,,,,,,,,,,,,,
random_forest,,,,,0.12658304113659258,7.0,0.8,5.0,4.0,180.0,,,,,,,,,,,,,,,,,,,,
extra_trees,,,,,0.12645588141861774,14.0,log2,1.0,5.0,441.0,,,,,,,,,,,,,,,,,,,,
random_forest,,,,,0.1264088839565652,8.0,0.8,6.0,2.0,200.0,,,,,,,,,,,,,,,,,,,,
random_forest,,,,,0.12625705757443684,7.0,0.8,2.0,5.0,200.0,,,,,,,,,,,,,,,,,,,,
random_forest,,,,,0.12625250487174966,8.0,0.8,3.0,4.0,400.0,,,,,,,,,,,,,,,,,,,,
xgboost,,,,,0.1261537350224723,5.0,,,,,0.6,0.05,1.0,2.0,0.935,,,,,,,,,,,,,,,
random_forest,,,,,0.12614116330687666,12.0,sqrt,5.0,4.0,180.0,,,,,,,,,,,,,,,,,,,,
random_forest,,,,,0.12597379566877592,14.0,log2,6.0,5.0,441.0,,,,,,,,,,,,,,,,,,,,
extra_trees,,,,,0.12581148547346338,12.0,0.8,1.0,5.0,441.0,,,,,,,,,,,,,,,,,,,,
gradient_boosting,,,,,0.1256253589108348,4.0,sqrt,,,400.0,,0.11000000000000001,,,0.7200000000000001,,,,,,,,,,,,,,,
extra_trees,,,,,0.12557407851770352,14.0,sqrt,1.0,5.0,441.0,,,,,,,,,,,,,,,,,,,,
random_forest,,,,,0.125523777148977,12.0,log2,3.0,4.0,400.0,,,,,,,,,,,,,,,,,,,,
random_forest,,,,,0.1252207909116557,12.0,sqrt,2.0,5.0,200.0,,,,,,,,,,,,,,,,,,,,
random_forest,,,,,0.12499159726172071,14.0,sqrt,6.0,2.0,200.0,,,,,,,,,,,,,,,,,,,,
random_forest,,,,,0.12488007554847444,14.0,log2,5.0,4.0,180.0,,,,,,,,,,,,,,,,,,,,
extra_trees,,,,,0.12449865220092712,,log2,4.0,5.0,441.0,,,,,,,,,,,,,,,,,,,,
extra_trees,,,,,0.1242300765900145,,sqrt,4.0,5.0,441.0,,,,,,,,,,,,,,,,,,,,
extra_trees,,,,,0.12416152423942362,14.0,0.8,4.0,5.0,441.0,,,,,,,,,,,,,,,,,,,,
gradient_boosting,,,,,0.1241197726057518,4.0,,,,180.0,,0.11000000000000001,,,0.8,,,,,,,,,,,,,,,
gradient_boosting,,,,,0.12388256018943351,3.0,,,,441.0,,0.1,,,0.7200000000000001,,,,,,,,,,,,,,,
xgboost,,,,,0.12386540835154544,6.0,,,,,0.54,0.045000000000000005,1.0,0.45,0.935,,,,,,,,,,,,,,,
gradient_boosting,,,,,0.12384521447546747,4.0,,,,441.0,,0.045000000000000005,,,1.0,,,,,,,,,,,,,,,
extra_trees,,,,,0.12378698004434724,14.0,0.8,1.0,5.0,441.0,,,,,,,,,,,,,,,,,,,,
xgboost,,,,,0.1226703307141342,6.0,,,,,0.54,0.05,1.0,2.2,0.935,,,,,,,,,,,,,,,
xgboost,,,,,0.12258745455362385,5.0,,,,,0.8800000000000001,0.05,1.0,2.0,0.935,,,,,,,,,,,,,,,
random_forest,,,,,0.12256744338948651,12.0,0.8,6.0,5.0,441.0,,,,,,,,,,,,,,,,,,,,
random_forest,,,,,0.1213155196327575,14.0,0.8,6.0,2.0,200.0,,,,,,,,,,,,,,,,,,,,
xgboost,,,,,0.12121154755767234,6.0,,,,,0.8,0.05,1.0,2.2,0.935,,,,,,,,,,,,,,,
random_forest,,,,,0.12080356742112819,14.0,sqrt,3.0,4.0,400.0,,,,,,,,,,,,,,,,,,,,
random_forest,,,,,0.12068625599862406,12.0,0.8,5.0,4.0,180.0,,,,,,,,,,,,,,,,,,,,
random_forest,,,,,0.12062828006644581,14.0,log2,2.0,5.0,200.0,,,,,,,,,,,,,,,,,,,,
xgboost,,,,,0.1204698325158699,6.0,,,,,0.8,0.045000000000000005,1.0,0.45,0.935,,,,,,,,,,,,,,,
random_forest,,,,,0.12024811181626353,12.0,0.8,2.0,5.0,200.0,,,,,,,,,,,,,,,,,,,,
xgboost,,,,,0.1200159162527093,5.0,,,,,0.6,0.1,3.0,1.0,0.935,,,,,,,,,,,,,,,
xgboost,,,,,0.119597301194383,5.0,,,,,0.6,0.11000000000000001,4.0,0.5,0.935,,,,,,,,,,,,,,,
gradient_boosting,,,,,0.11948285565825015,4.0,,,,441.0,,0.1,,,1.0,,,,,,,,,,,,,,,
random_forest,,,,,0.11909609157775419,14.0,0.8,3.0,4.0,400.0,,,,,,,,,,,,,,,,,,,,
mlp,,,,,0.11777682012619309,,,,,,,,,,,,,,,,,,,relu,0.0001,"(64,)",0.011000000000000001,180.0,adam,
xgboost,,,,,0.11725653310180416,5.0,,,,,0.8800000000000001,0.11000000000000001,4.0,0.5,0.935,,,,,,,,,,,,,,,
xgboost,,,,,0.11647670479094882,6.0,,,,,0.8,0.11000000000000001,4.0,1.0,0.935,,,,,,,,,,,,,,,
xgboost,,,,,0.11647634811476587,5.0,,,,,0.8800000000000001,0.1,3.0,1.0,0.935,,,,,,,,,,,,,,,
xgboost,,,,,0.11575609219082221,6.0,,,,,0.8,0.1,3.0,2.0,0.935,,,,,,,,,,,,,,,
xgboost,,,,,0.11564663389055917,6.0,,,,,0.54,0.1,3.0,2.0,0.935,,,,,,,,,,,,,,,
mlp,,,,,0.11525213747120205,,,,,,,,,,,,,,,,,,,tanh,0.0001,"(128,)",0.011000000000000001,200.0,adam,
xgboost,,,,,0.11497236996274628,6.0,,,,,0.54,0.11000000000000001,4.0,1.0,0.935,,,,,,,,,,,,,,,
xgboost,,,,,0.114777595679513,10.0,,,,,0.6,0.11000000000000001,4.0,2.0,0.935,,,,,,,,,,,,,,,
xgboost,,,,,0.11474817533682843,11.0,,,,,0.8,0.05,3.0,0.5,0.935,,,,,,,,,,,,,,,
xgboost,,,,,0.11474752373701862,10.0,,,,,0.6,0.05,3.0,0.45,0.935,,,,,,,,,,,,,,,
xgboost,,,,,0.11440102286413009,11.0,,,,,0.54,0.05,3.0,0.5,0.935,,,,,,,,,,,,,,,
mlp,,,,,0.11435799758854513,,,,,,,,,,,,,,,,,,,tanh,9e-05,"(128,)",0.01,200.0,adam,
xgboost,,,,,0.1141041656951897,10.0,,,,,0.6,0.045000000000000005,1.0,0.5,0.935,,,,,,,,,,,,,,,
mlp,,,,,0.11384038244586629,,,,,,,,,,,,,,,,,,,tanh,0.001,"(128,)",0.0009000000000000001,180.0,lbfgs,
mlp,,,,,0.1135828355934711,,,,,,,,,,,,,,,,,,,relu,9e-05,"(64,)",0.01,180.0,adam,
xgboost,,,,,0.11357804795393361,10.0,,,,,0.8800000000000001,0.045000000000000005,1.0,0.5,0.935,,,,,,,,,,,,,,,
mlp,,,,,0.11344961593368214,,,,,,,,,,,,,,,,,,,tanh,0.0011,"(128,)",0.001,180.0,lbfgs,
xgboost,,,,,0.11326211629365895,11.0,,,,,0.54,0.045000000000000005,1.0,1.0,0.935,,,,,,,,,,,,,,,
xgboost,,,,,0.11320298550453348,11.0,,,,,0.8,0.11000000000000001,4.0,2.2,0.935,,,,,,,,,,,,,,,
xgboost,,,,,0.11305763330376369,10.0,,,,,0.8800000000000001,0.05,3.0,0.45,0.935,,,,,,,,,,,,,,,
xgboost,,,,,0.11280627869631601,11.0,,,,,0.8,0.045000000000000005,1.0,1.0,0.935,,,,,,,,,,,,,,,
mlp,,,,,0.11262598607516609,,,,,,,,,,,,,,,,,,,relu,0.0001,"(128,)",0.011000000000000001,200.0,adam,
extra_trees,,,,,0.11258602676284687,,0.8,4.0,5.0,441.0,,,,,,,,,,,,,,,,,,,,
mlp,,,,,0.11240520473921928,,,,,,,,,,,,,,,,,,,relu,0.0011,"(64,)",0.0009000000000000001,330.0,lbfgs,
mlp,,,,,0.11208893786713463,,,,,,,,,,,,,,,,,,,relu,0.0011,"(128,)",0.001,180.0,lbfgs,
xgboost,,,,,0.11154365400585371,11.0,,,,,0.54,0.11000000000000001,4.0,2.2,0.935,,,,,,,,,,,,,,,
mlp,,,,,0.11085959147120553,,,,,,,,,,,,,,,,,,,tanh,0.0011,"(64, 64)",0.001,200.0,lbfgs,
mlp,,,,,0.11066860328431186,,,,,,,,,,,,,,,,,,,relu,9e-05,"(128, 64)",0.01,330.0,adam,
xgboost,,,,,0.11057523664913907,10.0,,,,,0.8800000000000001,0.11000000000000001,4.0,2.0,0.935,,,,,,,,,,,,,,,
xgboost,,,,,0.1105639723049371,10.0,,,,,0.6,0.1,3.0,2.2,0.935,,,,,,,,,,,,,,,
xgboost,,,,,0.11045593912265655,10.0,,,,,0.8800000000000001,0.1,3.0,2.2,0.935,,,,,,,,,,,,,,,
mlp,,,,,0.11022944614909386,,,,,,,,,,,,,,,,,,,relu,0.001,"(128,)",0.0009000000000000001,180.0,lbfgs,
xgboost,,,,,0.1101319052840169,11.0,,,,,0.8,0.1,4.0,0.45,0.935,,,,,,,,,,,,,,,
xgboost,,,,,0.11002803293723669,11.0,,,,,0.54,0.1,4.0,0.45,0.935,,,,,,,,,,,,,,,
mlp,,,,,0.10954843609802736,,,,,,,,,,,,,,,,,,,tanh,0.001,"(64, 64)",0.0009000000000000001,200.0,lbfgs,
extra_trees,,,,,0.10884132475918841,,sqrt,1.0,5.0,441.0,,,,,,,,,,,,,,,,,,,,
mlp,,,,,0.10878949273424543,,,,,,,,,,,,,,,,,,,relu,9e-05,"(128,)",0.01,200.0,adam,
extra_trees,,,,,0.10830495186116881,,log2,1.0,5.0,441.0,,,,,,,,,,,,,,,,,,,,
mlp,,,,,0.1079166587399319,,,,,,,,,,,,,,,,,,,tanh,9e-05,"(64,)",0.01,180.0,adam,
mlp,,,,,0.10769501921150189,,,,,,,,,,,,,,,,,,,relu,0.0001,"(128, 64)",0.011000000000000001,330.0,lbfgs,
mlp,,,,,0.10718091180166922,,,,,,,,,,,,,,,,,,,tanh,9e-05,"(64, 64)",0.01,300.0,adam,
knn,,,,,0.10692693399141381,,,,,,,,,,,19.0,2.0,distance,,,,,,,,,,,,
extra_trees,,,,,0.10691354454943472,,0.8,1.0,5.0,441.0,,,,,,,,,,,,,,,,,,,,
mlp,,,,,0.10689461699047456,,,,,,,,,,,,,,,,,,,relu,0.001,"(128, 64)",0.0009000000000000001,300.0,lbfgs,
knn,,,,,0.10651549156919707,,,,,,,,,,,17.0,2.0,distance,,,,,,,,,,,,
mlp,,,,,0.10645870516442879,,,,,,,,,,,,,,,,,,,relu,0.001,"(64, 64)",0.0009000000000000001,200.0,lbfgs,
mlp,,,,,0.10608939834473967,,,,,,,,,,,,,,,,,,,relu,0.0001,"(64, 64)",0.011000000000000001,300.0,adam,
knn,,,,,0.10563696469159474,,,,,,,,,,,19.0,2.0,uniform,,,,,,,,,,,,
mlp,,,,,0.10534961334847484,,,,,,,,,,,,,,,,,,,relu,9e-05,"(64, 64)",0.01,300.0,adam,
knn,,,,,0.10517876343431681,,,,,,,,,,,17.0,2.0,uniform,,,,,,,,,,,,
mlp,,,,,0.10461856007590044,,,,,,,,,,,,,,,,,,,tanh,0.0001,"(64, 64)",0.011000000000000001,300.0,adam,
knn,,,,,0.10402069653626544,,,,,,,,,,,19.0,1.0,distance,,,,,,,,,,,,
mlp,,,,,0.1039296337162333,,,,,,,,,,,,,,,,,,,tanh,0.0011,"(64,)",0.0009000000000000001,330.0,lbfgs,
mlp,,,,,0.1037306766453121,,,,,,,,,,,,,,,,,,,tanh,0.0001,"(128, 64)",0.011000000000000001,330.0,lbfgs,
mlp,,,,,0.1030304617282517,,,,,,,,,,,,,,,,,,,relu,0.0011,"(64, 64)",0.001,200.0,lbfgs,
knn,,,,,0.10297000226149851,,,,,,,,,,,19.0,1.0,uniform,,,,,,,,,,,,
mlp,,,,,0.10293707430700698,,,,,,,,,,,,,,,,,,,tanh,0.001,"(128, 64)",0.0009000000000000001,300.0,lbfgs,
mlp,,,,,0.1028763560156913,,,,,,,,,,,,,,,,,,,tanh,0.0001,"(64,)",0.011000000000000001,180.0,adam,
knn,,,,,0.10264230113189524,,,,,,,,,,,17.0,1.0,distance,,,,,,,,,,,,
knn,,,,,0.10125719503612428,,,,,,,,,,,17.0,1.0,uniform,,,,,,,,,,,,
knn,,,,,0.10095168928147116,,,,,,,,,,,11.0,2.0,distance,,,,,,,,,,,,
knn,,,,,0.10021516632127743,,,,,,,,,,,11.0,1.0,distance,,,,,,,,,,,,
mlp,,,,,0.10005043622333362,,,,,,,,,,,,,,,,,,,tanh,9e-05,"(128, 64)",0.01,330.0,adam,
knn,,,,,0.0996287550805384,,,,,,,,,,,11.0,2.0,uniform,,,,,,,,,,,,
mlp,,,,,0.09954756828759628,,,,,,,,,,,,,,,,,,,relu,0.0011,"(128, 64)",0.001,330.0,adam,
knn,,,,,0.09861414576148751,,,,,,,,,,,11.0,1.0,uniform,,,,,,,,,,,,
knn,,,,,0.09832878041131335,,,,,,,,,,,7.0,2.0,distance,,,,,,,,,,,,
knn,,,,,0.09809625697864277,,,,,,,,,,,7.0,1.0,distance,,,,,,,,,,,,
knn,,,,,0.09795355642779117,,,,,,,,,,,7.0,1.0,uniform,,,,,,,,,,,,
mlp,,,,,0.0975107917936971,,,,,,,,,,,,,,,,,,,tanh,0.0011,"(128, 64)",0.001,330.0,adam,
knn,,,,,0.09738395662967274,,,,,,,,,,,6.0,2.0,distance,,,,,,,,,,,,
knn,,,,,0.09699170518428635,,,,,,,,,,,7.0,2.0,uniform,,,,,,,,,,,,
knn,,,,,0.09682875944230897,,,,,,,,,,,6.0,1.0,uniform,,,,,,,,,,,,
knn,,,,,0.09674644114286254,,,,,,,,,,,6.0,1.0,distance,,,,,,,,,,,,
knn,,,,,0.09626555801646254,,,,,,,,,,,6.0,2.0,uniform,,,,,,,,,,,,
